source,destination,sha256,bytes
/media/jiwon/ubuntu_backup/nano_BACK_UP_0915/loc_ws/amcl_ws/src/navigation/amcl/examples/f1tenth_localization.launch,f1tenth-localization/loc_ws/amcl_ws/src/navigation/amcl/examples/f1tenth_localization.launch,57e9d2c6d6bebee95dcaa4ee1b37822e97cb8b8ddd5dd73698ead50af21eff80,622
/media/jiwon/ubuntu_backup/nano_BACK_UP_0915/loc_ws/amcl_ws/src/navigation/amcl/examples/amcl3.launch,f1tenth-localization/loc_ws/amcl_ws/src/navigation/amcl/examples/amcl3.launch,bad8e945b982cf42a22b1f348fb336f562e9aa9ac3e46eebb53bdb503891c442,1867
/media/jiwon/ubuntu_backup/nano_BACK_UP_0915/loc_ws/localization_ws/src/robot_localization/launch/tf_broadcaster.launch,f1tenth-localization/loc_ws/localization_ws/src/robot_localization/launch/tf_broadcaster.launch,0baa8eeb9c422ed319f213c05b9d2751b87b0dfce3f08f9e2e30aa074afd6c4c,353
/media/jiwon/ubuntu_backup/nano_BACK_UP_0915/loc_ws/localization_ws/src/robot_localization/launch/forzaekf.launch,f1tenth-localization/loc_ws/localization_ws/src/robot_localization/launch/forzaekf.launch,94f9bc1ed5bc12848d4cf9db302d4520967371c7b79a6622b766bf3cadda17f6,1476
/media/jiwon/ubuntu_backup/nano_BACK_UP_0915/loc_ws/src/launch/map_server.launch,f1tenth-localization/loc_ws/src/launch/map_server.launch,95dfb4b7d0beea0c7b26a6359e98fd504112dcc526cecfaf776e053d60dd13ae,118
/media/jiwon/ubuntu_backup/nano_BACK_UP_0915/maps/0824.yaml,assets/maps/0824.yaml,089ab633ce4077a3aaab530353a772b1b775702f74e61ca116721ff0c3a0badb,130
/media/jiwon/ubuntu_backup/nano_BACK_UP_0915/maps/0824.png,assets/maps/0824.png,c970aa479cbd86a5d98b5f7650426498cced8d589639437a117dfdf26df34751,13524
/media/jiwon/ubuntu_backup/nano_BACK_UP_0915/perception_ws/src/perception/opponent_tracker/launch/opponent_track.launch,f1tenth-perception/perception/opponent_tracker/launch/opponent_track.launch,b02f85322dcc093df86fdbdbd762d0904df5dd39858e8f018b3ffd3a54323505,328
/media/jiwon/ubuntu_backup/nano_BACK_UP_0915/perception_ws/src/perception/opponent_tracker/src/detect_4.py,f1tenth-perception/perception/opponent_tracker/src/detect_4.py,8412137490cc763c6bde02def563bbe76e52a0fe84ac1ebc4a555cde99dd49e0,24207
/media/jiwon/ubuntu_backup/nano_BACK_UP_0915/perception_ws/src/perception/opponent_tracker/src/dynamic_tracker_server.py,f1tenth-perception/perception/opponent_tracker/src/dynamic_tracker_server.py,49da766af3bf0fa3fa549dc072feffa4250f19c560c96a82d4af2fcb980dfdd9,1140
/media/jiwon/ubuntu_backup/nano_BACK_UP_0915/perception_ws/src/perception/opponent_tracker/src/frenet_utils.py,f1tenth-perception/perception/opponent_tracker/src/frenet_utils.py,35131a16c11521e158c74836d50b347de7579337e155f584cf3243bcf091ff9c,6360
/media/jiwon/ubuntu_backup/nano_BACK_UP_0915/perception_ws/src/perception/cfg/dyn_tracker_tuner.cfg,f1tenth-perception/perception/cfg/dyn_tracker_tuner.cfg,2b798613af8b17650f550c54a0e741a156df4a13a9b558be1e49d21061a55135,2082
/media/jiwon/ubuntu_backup/nano_BACK_UP_0915/perception_ws/src/perception/CMakeLists.txt,f1tenth-perception/perception/CMakeLists.txt,6a420a8dd34fa509cce2fdaaf95257d4ccd57e608bfe726ce689e412a02dff62,7484
/media/jiwon/ubuntu_backup/nano_BACK_UP_0915/perception_ws/src/perception/package.xml,f1tenth-perception/perception/package.xml,9e8f6cbcf173b166a76329d73869a4fb23d276fb0924a5f5ae40077aca6b30ff,4046
/media/jiwon/ubuntu_backup/nano_BACK_UP_0915/MAP_ws/src/MAP-Controller/map_controller/launch/sim_MAP.launch,f1tenth-control/map_controller/launch/sim_MAP.launch,72cd5bd51b116883cad3177cdf49d1c9f19686e13920c17da57700ac4c06dd7d,404
/media/jiwon/ubuntu_backup/nano_BACK_UP_0915/MAP_ws/src/MAP-Controller/map_controller/src/MAP_controller_real1.py,f1tenth-control/map_controller/src/MAP_controller_real1.py,32f56cfbec8d3e69b19d27d02736de40c2ccb7b623d450a9d7232d73d5de81ad,21761
/media/jiwon/ubuntu_backup/nano_BACK_UP_0915/MAP_ws/src/MAP-Controller/map_controller/src/time_error_tracker.py,f1tenth-control/map_controller/src/time_error_tracker.py,da84e7eb6144f0588d64f88194ee0945b8e2a4ab097319c39b513ea5ce505123,5376
/media/jiwon/ubuntu_backup/nano_BACK_UP_0915/MAP_ws/src/MAP-Controller/map_controller/cfg/map_params_real.yaml,f1tenth-control/map_controller/cfg/map_params_real.yaml,825ffa110c876dad8f299265796d19371f428cc34e499443e82e5b2b15976376,1122
/media/jiwon/ubuntu_backup/nano_BACK_UP_0915/MAP_ws/src/MAP-Controller/map_controller/CMakeLists.txt,f1tenth-control/map_controller/CMakeLists.txt,37661590ec677a91b31e8823a0dc67aebf6ea09027212421cb940c41f062233d,377
/media/jiwon/ubuntu_backup/nano_BACK_UP_0915/MAP_ws/src/MAP-Controller/map_controller/package.xml,f1tenth-control/map_controller/package.xml,8104da54754b40caf6f14e6ecb6066070813125f0424e7de5af449fc9f94618c,2512
/media/jiwon/ubuntu_backup/nano_BACK_UP_0915/MAP_ws/src/MAP-Controller/steering_lookup/src/steering_lookup/__init__.py,f1tenth-control/steering_lookup/src/steering_lookup/__init__.py,e3b0c44298fc1c149afbf4c8996fb92427ae41e4649b934ca495991b7852b855,0
/media/jiwon/ubuntu_backup/nano_BACK_UP_0915/MAP_ws/src/MAP-Controller/steering_lookup/src/steering_lookup/lookup_steer_angle.py,f1tenth-control/steering_lookup/src/steering_lookup/lookup_steer_angle.py,4750be1d339ac8a99e1c7dde8a4a600f20f2e94fb69f8e22a05adf9f43cf8d48,2399
/media/jiwon/ubuntu_backup/nano_BACK_UP_0915/MAP_ws/src/MAP-Controller/steering_lookup/cfg/SIM_linear_lookup_table.csv,f1tenth-control/steering_lookup/cfg/SIM_linear_lookup_table.csv,8d668cbae57f797ab4aa71ba6e3d037d2e43a73be07773c2a97f8bd855228ad0,98781
/media/jiwon/ubuntu_backup/nano_BACK_UP_0915/MAP_ws/src/MAP-Controller/steering_lookup/setup.py,f1tenth-control/steering_lookup/setup.py,e3edf59505459f6dda5097b405ae5ea97d0a43716d3b94335e165f03c21535aa,314
/media/jiwon/ubuntu_backup/nano_BACK_UP_0915/MAP_ws/src/MAP-Controller/steering_lookup/CMakeLists.txt,f1tenth-control/steering_lookup/CMakeLists.txt,d9eb278a637029ad62832fcb0bdc8c301250c1936eed43bacf901d1ca3107880,367
/media/jiwon/ubuntu_backup/nano_BACK_UP_0915/MAP_ws/src/MAP-Controller/steering_lookup/package.xml,f1tenth-control/steering_lookup/package.xml,506ff96dde881e8d0d2fc1f330db443a330ec8066dc773cc9401710724f81287,2512
/media/jiwon/ubuntu_backup/nano_BACK_UP_0915/loc_ws/amcl_ws/src/navigation/amcl/examples/tf_carto.launch,f1tenth-mapping/loc_ws/amcl_ws/src/navigation/amcl/examples/tf_carto.launch,b33890c8736551849cf7282c28e3aeac3be465a3b0979d935786c66ed12f369e,353
/media/jiwon/ubuntu_backup/nano_BACK_UP_0915/loc_ws/localization_ws/src/robot_localization/launch/tf_carto.launch,f1tenth-mapping/loc_ws/localization_ws/src/robot_localization/launch/tf_carto.launch,a68c92e0654c27cddb2afcf440426aa05d48d2932fa5ca91dbcc70f757e111fa,1301
/media/jiwon/ubuntu_backup/nano_BACK_UP_0915/loc_ws/localization_ws/src/robot_localization/launch/forzaekf.launch,f1tenth-mapping/loc_ws/localization_ws/src/robot_localization/launch/forzaekf.launch,94f9bc1ed5bc12848d4cf9db302d4520967371c7b79a6622b766bf3cadda17f6,1476
/media/jiwon/ubuntu_backup/nano_BACK_UP_0915/f1carto_ws/src/slam/launch/backpack_2d.launch,f1tenth-mapping/f1carto_ws/src/slam/launch/backpack_2d.launch,01a1ebdc79e1a1963db5e165e9a726b235f2edb36843288e97d2adc39359db2e,1083
/media/jiwon/ubuntu_backup/nano_BACK_UP_0915/f1carto_ws/src/slam/lua/backpack_2d_test.lua,f1tenth-mapping/f1carto_ws/src/slam/lua/backpack_2d_test.lua,dc7f79912782c529d4e03d8830765e5944e35c8de5a0887d240d3316683c79fe,1292
/media/jiwon/ubuntu_backup/nano_BACK_UP_0915/f1carto_ws/src/slam/CMakeLists.txt,f1tenth-mapping/f1carto_ws/src/slam/CMakeLists.txt,9f96a48bde237f98e4824aeb44e933ea966e8a6ed9aa64c78452144be0e0ab49,7040
/media/jiwon/ubuntu_backup/nano_BACK_UP_0915/f1carto_ws/src/slam/package.xml,f1tenth-mapping/f1carto_ws/src/slam/package.xml,1c838c1e9f9ab14a8ceed3ab981204e0a8324bdc7e999492ccdb0721ec17bfb8,2598
/media/jiwon/ubuntu_backup/F1TENTH_UBUNTU_BACKUP_2026_09/user_files/home/lane_ws/src/f1tenth-racing-stack-ICRA22/README.md,f1tenth-planning/global-planning/f1tenth-racing-stack-ICRA22/README.md,53fb2f2983269b776e54977a4bb4f023c4a26601b82961e2b34236aa58fd5d2a,3616
/media/jiwon/ubuntu_backup/F1TENTH_UBUNTU_BACKUP_2026_09/user_files/home/lane_ws/src/f1tenth-racing-stack-ICRA22/config/params.yaml,f1tenth-planning/global-planning/f1tenth-racing-stack-ICRA22/config/params.yaml,97ca74838ccbe7651acb80450fb12463aa1d3b67314efe24ee8c54ebe5136111,586
/media/jiwon/ubuntu_backup/F1TENTH_UBUNTU_BACKUP_2026_09/user_files/home/lane_ws/src/f1tenth-racing-stack-ICRA22/trajectory_generator/lane_generator.py,f1tenth-planning/global-planning/f1tenth-racing-stack-ICRA22/trajectory_generator/lane_generator.py,de967aecd199a2c3f75391949ad2e7e7caa1217a2938314954e691ca793a3f80,11211
/media/jiwon/ubuntu_backup/F1TENTH_UBUNTU_BACKUP_2026_09/user_files/home/lane_ws/src/f1tenth-racing-stack-ICRA22/trajectory_generator/main_globaltraj.py,f1tenth-planning/global-planning/f1tenth-racing-stack-ICRA22/trajectory_generator/main_globaltraj.py,678f36a2d12990fa9e552afe1899fe0d71a8d25d589763770b0793d0665d1a80,35103
/media/jiwon/ubuntu_backup/F1TENTH_UBUNTU_BACKUP_2026_09/user_files/home/lane_ws/src/f1tenth-racing-stack-ICRA22/trajectory_generator/params/racecar.ini,f1tenth-planning/global-planning/f1tenth-racing-stack-ICRA22/trajectory_generator/params/racecar.ini,0832ad6be093daed5e0300dacd94ba02465ab064e33c5d048a36b957ec4f965a,16848
/media/jiwon/ubuntu_backup/F1TENTH_UBUNTU_BACKUP_2026_09/user_files/home/lane_ws/src/f1tenth-racing-stack-ICRA22/trajectory_generator/inputs/veh_dyn_info/ggv.csv,f1tenth-planning/global-planning/f1tenth-racing-stack-ICRA22/trajectory_generator/inputs/veh_dyn_info/ggv.csv,2487b467c6839f76e70ca3b554deef2fed4606bdb8fd46198e979a9ec702645b,266
/media/jiwon/ubuntu_backup/F1TENTH_UBUNTU_BACKUP_2026_09/user_files/home/lane_ws/src/f1tenth-racing-stack-ICRA22/trajectory_generator/inputs/veh_dyn_info/ax_max_machines.csv,f1tenth-planning/global-planning/f1tenth-racing-stack-ICRA22/trajectory_generator/inputs/veh_dyn_info/ax_max_machines.csv,adc77c625f3c9ff7428660e68a99b8bc440dd585643aa87238d2ad0a7dc346f6,599
/media/jiwon/ubuntu_backup/F1TENTH_UBUNTU_BACKUP_2026_09/user_files/home/lane_ws/src/f1tenth-racing-stack-ICRA22/trajectory_generator/requirements.txt,f1tenth-planning/global-planning/f1tenth-racing-stack-ICRA22/trajectory_generator/requirements.txt,b354163495b3907e2f851f914a0a8e81b4079772fe2d6aa1742407a1c111ed39,445
/media/jiwon/ubuntu_backup/F1TENTH_UBUNTU_BACKUP_2026_09/user_files/home/lane_ws/src/f1tenth-racing-stack-ICRA22/trajectory_generator/Readme.md,f1tenth-planning/global-planning/f1tenth-racing-stack-ICRA22/trajectory_generator/Readme.md,fbb81532a458a0eb2bc426c6af50d757ff00d55d532dd97523fc9ed75c85bc15,9894
/media/jiwon/ubuntu_backup/F1TENTH_UBUNTU_BACKUP_2026_09/user_files/home/lane_ws/src/f1tenth-racing-stack-ICRA22/trajectory_generator/LICENSE,f1tenth-planning/global-planning/f1tenth-racing-stack-ICRA22/trajectory_generator/LICENSE,e3a994d82e644b03a792a930f574002658412f62407f5fee083f2555c5f23118,7652
/media/jiwon/ubuntu_backup/F1TENTH_UBUNTU_BACKUP_2026_09/user_files/home/lane_ws/src/f1tenth-racing-stack-ICRA22/trajectory_generator/helper_funcs_glob/__init__.py,f1tenth-planning/global-planning/f1tenth-racing-stack-ICRA22/trajectory_generator/helper_funcs_glob/__init__.py,494d6f0a428340bab72c874808fd7afcd4e0380b07557b93f09bae1ea416eead,29
/media/jiwon/ubuntu_backup/F1TENTH_UBUNTU_BACKUP_2026_09/user_files/home/lane_ws/src/f1tenth-racing-stack-ICRA22/trajectory_generator/helper_funcs_glob/src/__init__.py,f1tenth-planning/global-planning/f1tenth-racing-stack-ICRA22/trajectory_generator/helper_funcs_glob/src/__init__.py,47085547bff91b881405d282b778709f0fc1d924734b03045771aec83b1bdd31,348
/media/jiwon/ubuntu_backup/F1TENTH_UBUNTU_BACKUP_2026_09/user_files/home/lane_ws/src/f1tenth-racing-stack-ICRA22/trajectory_generator/helper_funcs_glob/src/interp_track.py,f1tenth-planning/global-planning/f1tenth-racing-stack-ICRA22/trajectory_generator/helper_funcs_glob/src/interp_track.py,7613a9fc7911828ad9c8a30badf377c66d97fca3d749d69ae4385017028e36a6,2222
/media/jiwon/ubuntu_backup/F1TENTH_UBUNTU_BACKUP_2026_09/user_files/home/lane_ws/src/f1tenth-racing-stack-ICRA22/trajectory_generator/helper_funcs_glob/src/result_plots.py,f1tenth-planning/global-planning/f1tenth-racing-stack-ICRA22/trajectory_generator/helper_funcs_glob/src/result_plots.py,184a59c3101e82962124662f7fdcfa6e17a61a29abb30682c3d150944b8efebe,6337
/media/jiwon/ubuntu_backup/F1TENTH_UBUNTU_BACKUP_2026_09/user_files/home/lane_ws/src/f1tenth-racing-stack-ICRA22/trajectory_generator/helper_funcs_glob/src/prep_track.py,f1tenth-planning/global-planning/f1tenth-racing-stack-ICRA22/trajectory_generator/helper_funcs_glob/src/prep_track.py,f8079725a6e671c959298fa6d94ec446e3614256d2913bc02434826ee7359909,5280
/media/jiwon/ubuntu_backup/F1TENTH_UBUNTU_BACKUP_2026_09/user_files/home/lane_ws/src/f1tenth-racing-stack-ICRA22/trajectory_generator/helper_funcs_glob/src/check_traj.py,f1tenth-planning/global-planning/f1tenth-racing-stack-ICRA22/trajectory_generator/helper_funcs_glob/src/check_traj.py,1128110fb0389be52d9b2ed7f4095044c558a084684084ae466f0ec73edd3d5b,7907
/media/jiwon/ubuntu_backup/F1TENTH_UBUNTU_BACKUP_2026_09/user_files/home/lane_ws/src/f1tenth-racing-stack-ICRA22/trajectory_generator/helper_funcs_glob/src/import_track.py,f1tenth-planning/global-planning/f1tenth-racing-stack-ICRA22/trajectory_generator/helper_funcs_glob/src/import_track.py,69947c3bc71ff4d585c88730c5fda9b7a3d92435676a84ed53105bd623c8cf98,2705
/media/jiwon/ubuntu_backup/F1TENTH_UBUNTU_BACKUP_2026_09/user_files/home/lane_ws/src/f1tenth-racing-stack-ICRA22/trajectory_generator/helper_funcs_glob/src/export_traj_ltpl.py,f1tenth-planning/global-planning/f1tenth-racing-stack-ICRA22/trajectory_generator/helper_funcs_glob/src/export_traj_ltpl.py,88ecf6339adca443619cd4e2b365fa76d0df01e95aee9d48f2241bc84bd2f1a2,3701
/media/jiwon/ubuntu_backup/F1TENTH_UBUNTU_BACKUP_2026_09/user_files/home/lane_ws/src/f1tenth-racing-stack-ICRA22/trajectory_generator/helper_funcs_glob/src/calc_min_bound_dists.py,f1tenth-planning/global-planning/f1tenth-racing-stack-ICRA22/trajectory_generator/helper_funcs_glob/src/calc_min_bound_dists.py,88c212052a5877dd593c93dd87e7db6bebe445991c3a65e2ab9af12e912bb4af,3109
/media/jiwon/ubuntu_backup/F1TENTH_UBUNTU_BACKUP_2026_09/user_files/home/lane_ws/src/f1tenth-racing-stack-ICRA22/trajectory_generator/helper_funcs_glob/src/export_traj_race.py,f1tenth-planning/global-planning/f1tenth-racing-stack-ICRA22/trajectory_generator/helper_funcs_glob/src/export_traj_race.py,6b2c8abbc33ce10a11f0e0e23dc3ef7ee1456c83cc812ab95a9810862a429ab4,1531
/media/jiwon/ubuntu_backup/F1TENTH_UBUNTU_BACKUP_2026_09/user_files/home/lane_ws/src/f1tenth-racing-stack-ICRA22/trajectory_generator/opt_mintime_traj/__init__.py,f1tenth-planning/global-planning/f1tenth-racing-stack-ICRA22/trajectory_generator/opt_mintime_traj/__init__.py,3cb4943dbc7c965363d327a147208f85e50722f8ba97be7a4bbdc604d0b86dfd,67
/media/jiwon/ubuntu_backup/F1TENTH_UBUNTU_BACKUP_2026_09/user_files/home/lane_ws/src/f1tenth-racing-stack-ICRA22/trajectory_generator/opt_mintime_traj/var_friction_berlin.png,f1tenth-planning/global-planning/f1tenth-racing-stack-ICRA22/trajectory_generator/opt_mintime_traj/var_friction_berlin.png,e7152b487fefa498e1859d75bafe1785894dd9a533d6e5ff2f7cca561fc72b08,65862
/media/jiwon/ubuntu_backup/F1TENTH_UBUNTU_BACKUP_2026_09/user_files/home/lane_ws/src/f1tenth-racing-stack-ICRA22/trajectory_generator/opt_mintime_traj/Readme.md,f1tenth-planning/global-planning/f1tenth-racing-stack-ICRA22/trajectory_generator/opt_mintime_traj/Readme.md,fb1c3384cb2fafc516899322a5f7775324563d0b174580cc0db0f26ba92551e5,7175
/media/jiwon/ubuntu_backup/F1TENTH_UBUNTU_BACKUP_2026_09/user_files/home/lane_ws/src/f1tenth-racing-stack-ICRA22/trajectory_generator/opt_mintime_traj/src/__init__.py,f1tenth-planning/global-planning/f1tenth-racing-stack-ICRA22/trajectory_generator/opt_mintime_traj/src/__init__.py,8b524425adc8f7f9d841964571c428b9773c1e809e1cbc107f181fb2743bdfd4,338
/media/jiwon/ubuntu_backup/F1TENTH_UBUNTU_BACKUP_2026_09/user_files/home/lane_ws/src/f1tenth-racing-stack-ICRA22/trajectory_generator/opt_mintime_traj/src/opt_mintime.py,f1tenth-planning/global-planning/f1tenth-racing-stack-ICRA22/trajectory_generator/opt_mintime_traj/src/opt_mintime.py,86b0b5e8e7d8a375978a0c213c281a31cc73a58aa9260b1aee9b2b834180d3c4,49273
/media/jiwon/ubuntu_backup/F1TENTH_UBUNTU_BACKUP_2026_09/user_files/home/lane_ws/src/f1tenth-racing-stack-ICRA22/trajectory_generator/opt_mintime_traj/src/friction_map_interface.py,f1tenth-planning/global-planning/f1tenth-racing-stack-ICRA22/trajectory_generator/opt_mintime_traj/src/friction_map_interface.py,1fb73df2d68c05ad8406dbe22805ac16f2e523f1539cbc8093169806e5c91d90,4109
/media/jiwon/ubuntu_backup/F1TENTH_UBUNTU_BACKUP_2026_09/user_files/home/lane_ws/src/f1tenth-racing-stack-ICRA22/trajectory_generator/opt_mintime_traj/src/result_plots_mintime.py,f1tenth-planning/global-planning/f1tenth-racing-stack-ICRA22/trajectory_generator/opt_mintime_traj/src/result_plots_mintime.py,afe74491bb92f0b6550dd60bc53bef0b6c86cfbedeff7fda3dc6c492c2807edb,21566
/media/jiwon/ubuntu_backup/F1TENTH_UBUNTU_BACKUP_2026_09/user_files/home/lane_ws/src/f1tenth-racing-stack-ICRA22/trajectory_generator/opt_mintime_traj/src/extract_friction_coeffs.py,f1tenth-planning/global-planning/f1tenth-racing-stack-ICRA22/trajectory_generator/opt_mintime_traj/src/extract_friction_coeffs.py,92269ad0db5b58f1239d6d02bcdc6b45584b7baf6f10c9fa369607bd8427d279,6210
/media/jiwon/ubuntu_backup/F1TENTH_UBUNTU_BACKUP_2026_09/user_files/home/lane_ws/src/f1tenth-racing-stack-ICRA22/trajectory_generator/opt_mintime_traj/src/friction_map_plot.py,f1tenth-planning/global-planning/f1tenth-racing-stack-ICRA22/trajectory_generator/opt_mintime_traj/src/friction_map_plot.py,89a7292891535ad0eae651d4d0ca788ad05e086ce852318f683a44699aa0b53f,5531
/media/jiwon/ubuntu_backup/F1TENTH_UBUNTU_BACKUP_2026_09/user_files/home/lane_ws/src/f1tenth-racing-stack-ICRA22/trajectory_generator/opt_mintime_traj/src/export_mintime_solution.py,f1tenth-planning/global-planning/f1tenth-racing-stack-ICRA22/trajectory_generator/opt_mintime_traj/src/export_mintime_solution.py,4b889f46ad9458561a195bb50e2199043478e6b1b0c18751d3032b0f19f38197,6218
/media/jiwon/ubuntu_backup/F1TENTH_UBUNTU_BACKUP_2026_09/user_files/home/lane_ws/src/f1tenth-racing-stack-ICRA22/trajectory_generator/opt_mintime_traj/src/approx_friction_map.py,f1tenth-planning/global-planning/f1tenth-racing-stack-ICRA22/trajectory_generator/opt_mintime_traj/src/approx_friction_map.py,5c57e1416134cce95b168fbaa9738a8f107973170da5e1139b7bd3ca822275fa,8695
/media/jiwon/ubuntu_backup/F1TENTH_UBUNTU_BACKUP_2026_09/user_files/home/lane_ws/src/f1tenth-racing-stack-ICRA22/trajectory_generator/opt_mintime_traj/powertrain_src/__init__.py,f1tenth-planning/global-planning/f1tenth-racing-stack-ICRA22/trajectory_generator/opt_mintime_traj/powertrain_src/__init__.py,0e661f67d1dec501f60374466af16193b012079e72dc7e5cfcb5bf50a5546c13,43
/media/jiwon/ubuntu_backup/F1TENTH_UBUNTU_BACKUP_2026_09/user_files/home/lane_ws/src/f1tenth-racing-stack-ICRA22/trajectory_generator/opt_mintime_traj/powertrain_src/component_temperatures.PNG,f1tenth-planning/global-planning/f1tenth-racing-stack-ICRA22/trajectory_generator/opt_mintime_traj/powertrain_src/component_temperatures.PNG,309f065e3e20ac216116045b2de1c0e110af784396d97ad6ef382cc783b3cfb2,57664
/media/jiwon/ubuntu_backup/F1TENTH_UBUNTU_BACKUP_2026_09/user_files/home/lane_ws/src/f1tenth-racing-stack-ICRA22/trajectory_generator/opt_mintime_traj/powertrain_src/Readme.md,f1tenth-planning/global-planning/f1tenth-racing-stack-ICRA22/trajectory_generator/opt_mintime_traj/powertrain_src/Readme.md,21b986ed8e676d239e1535609676bd83ff5025c4074a627d6ee168984f8bc6da,1981
/media/jiwon/ubuntu_backup/F1TENTH_UBUNTU_BACKUP_2026_09/user_files/home/lane_ws/src/f1tenth-racing-stack-ICRA22/trajectory_generator/opt_mintime_traj/powertrain_src/component_losses.PNG,f1tenth-planning/global-planning/f1tenth-racing-stack-ICRA22/trajectory_generator/opt_mintime_traj/powertrain_src/component_losses.PNG,1e1fd1e819f88cdcbc8dd76466860dc9e9f7bbc45206980e786475ee03afbaa1,148269
/media/jiwon/ubuntu_backup/F1TENTH_UBUNTU_BACKUP_2026_09/user_files/home/lane_ws/src/f1tenth-racing-stack-ICRA22/trajectory_generator/opt_mintime_traj/powertrain_src/src/__init__.py,f1tenth-planning/global-planning/f1tenth-racing-stack-ICRA22/trajectory_generator/opt_mintime_traj/powertrain_src/src/__init__.py,0633c6bcce662fcf1d757d38b8e3c5e50ce7549a294a7e0125e5b94a20aef2c2,208
/media/jiwon/ubuntu_backup/F1TENTH_UBUNTU_BACKUP_2026_09/user_files/home/lane_ws/src/f1tenth-racing-stack-ICRA22/trajectory_generator/opt_mintime_traj/powertrain_src/src/Battery.py,f1tenth-planning/global-planning/f1tenth-racing-stack-ICRA22/trajectory_generator/opt_mintime_traj/powertrain_src/src/Battery.py,41993ae1441b28330563e35b656175544ce96771bd868024f1e34bab0e885502,50346
/media/jiwon/ubuntu_backup/F1TENTH_UBUNTU_BACKUP_2026_09/user_files/home/lane_ws/src/f1tenth-racing-stack-ICRA22/trajectory_generator/opt_mintime_traj/powertrain_src/src/EMachine.py,f1tenth-planning/global-planning/f1tenth-racing-stack-ICRA22/trajectory_generator/opt_mintime_traj/powertrain_src/src/EMachine.py,7dbeae9e6074d5f634f8a6a35ad6c02b4db2ca83daf4774078e58d83748a5ae5,11337
/media/jiwon/ubuntu_backup/F1TENTH_UBUNTU_BACKUP_2026_09/user_files/home/lane_ws/src/f1tenth-racing-stack-ICRA22/trajectory_generator/opt_mintime_traj/powertrain_src/src/Radiators.py,f1tenth-planning/global-planning/f1tenth-racing-stack-ICRA22/trajectory_generator/opt_mintime_traj/powertrain_src/src/Radiators.py,18b96f3c1a4fdf79267fb2b1f8b083736164b9d88578ae8b1a7680bc8cf21b7b,8551
/media/jiwon/ubuntu_backup/F1TENTH_UBUNTU_BACKUP_2026_09/user_files/home/lane_ws/src/f1tenth-racing-stack-ICRA22/trajectory_generator/opt_mintime_traj/powertrain_src/src/Inverter.py,f1tenth-planning/global-planning/f1tenth-racing-stack-ICRA22/trajectory_generator/opt_mintime_traj/powertrain_src/src/Inverter.py,41dd99158de9c7cc5e7fb78c2882d952b54c1ed649baecbab5701154253afdaf,8255
/media/jiwon/ubuntu_backup/F1TENTH_UBUNTU_BACKUP_2026_09/user_files/home/lane_ws/src/f1tenth-racing-stack-ICRA22/maps/0125_3.png,f1tenth-planning/global-planning/f1tenth-racing-stack-ICRA22/maps/0125_3.png,7ac574ff979d12ad7b32b9356e888cbd1dd23a78f4a06739205e77e3c7fb9f5e,418059
/media/jiwon/ubuntu_backup/F1TENTH_UBUNTU_BACKUP_2026_09/user_files/home/lane_ws/src/f1tenth-racing-stack-ICRA22/maps/0816_2.yaml,f1tenth-planning/global-planning/f1tenth-racing-stack-ICRA22/maps/0816_2.yaml,6d918568e304f0b969fcb98b0fc66d842dd02e9fb4513398c35571ab69c8c12e,133
/media/jiwon/ubuntu_backup/F1TENTH_UBUNTU_BACKUP_2026_09/user_files/home/lane_ws/src/f1tenth-racing-stack-ICRA22/maps/0323_3.png,f1tenth-planning/global-planning/f1tenth-racing-stack-ICRA22/maps/0323_3.png,f56f813af151c15260c2d8b3699b1e4be4e4ee0aef5154687580a28471cfdb9f,355250
/media/jiwon/ubuntu_backup/F1TENTH_UBUNTU_BACKUP_2026_09/user_files/home/lane_ws/src/f1tenth-racing-stack-ICRA22/maps/0310_1.png,f1tenth-planning/global-planning/f1tenth-racing-stack-ICRA22/maps/0310_1.png,97c46f663f0988b83e1fdf01ace7a2dae0f258be292e29588d7a9d7601b42c5a,725427
/media/jiwon/ubuntu_backup/F1TENTH_UBUNTU_BACKUP_2026_09/user_files/home/lane_ws/src/f1tenth-racing-stack-ICRA22/maps/0820.yaml,f1tenth-planning/global-planning/f1tenth-racing-stack-ICRA22/maps/0820.yaml,449f118550479cc92fbc64e293784c35ffd913e807784fb52a92cad3219b0d6e,130
/media/jiwon/ubuntu_backup/F1TENTH_UBUNTU_BACKUP_2026_09/user_files/home/lane_ws/src/f1tenth-racing-stack-ICRA22/maps/0319_2.yaml,f1tenth-planning/global-planning/f1tenth-racing-stack-ICRA22/maps/0319_2.yaml,ca67b35bd27669272927495742be498a36cec5942fd398e20043f25f7b04cfbc,134
/media/jiwon/ubuntu_backup/F1TENTH_UBUNTU_BACKUP_2026_09/user_files/home/lane_ws/src/f1tenth-racing-stack-ICRA22/maps/0316_1.yaml,f1tenth-planning/global-planning/f1tenth-racing-stack-ICRA22/maps/0316_1.yaml,0fdd3ac1f39086bb88bbab99d28a0c3bb21104c88fb45cdbb6dc649bcd90d33c,133
/media/jiwon/ubuntu_backup/F1TENTH_UBUNTU_BACKUP_2026_09/user_files/home/lane_ws/src/f1tenth-racing-stack-ICRA22/maps/0820.png,f1tenth-planning/global-planning/f1tenth-racing-stack-ICRA22/maps/0820.png,d67237b406706bf5f3a4e2f0083d560f7f3aa058efa71f1bbc042f4ccb2f6a7a,228272
/media/jiwon/ubuntu_backup/F1TENTH_UBUNTU_BACKUP_2026_09/user_files/home/lane_ws/src/f1tenth-racing-stack-ICRA22/maps/skir.yaml,f1tenth-planning/global-planning/f1tenth-racing-stack-ICRA22/maps/skir.yaml,92310dd2f4e8374c68de5ce27b62a6f3c3681e31f14a8851e3d3a43492588cf1,123
/media/jiwon/ubuntu_backup/F1TENTH_UBUNTU_BACKUP_2026_09/user_files/home/lane_ws/src/f1tenth-racing-stack-ICRA22/maps/levine_block.png,f1tenth-planning/global-planning/f1tenth-racing-stack-ICRA22/maps/levine_block.png,5dda8871b809b0b47498f718fd852621cf4ce706bdd1f0649a9597e7bf0582e6,13217
/media/jiwon/ubuntu_backup/F1TENTH_UBUNTU_BACKUP_2026_09/user_files/home/lane_ws/src/f1tenth-racing-stack-ICRA22/maps/0115.png,f1tenth-planning/global-planning/f1tenth-racing-stack-ICRA22/maps/0115.png,9b9434e0e5ba974b7061170473c761d3c3f541cf4206d4261d65280b595b0689,9696
/media/jiwon/ubuntu_backup/F1TENTH_UBUNTU_BACKUP_2026_09/user_files/home/lane_ws/src/f1tenth-racing-stack-ICRA22/maps/0323_3.yaml,f1tenth-planning/global-planning/f1tenth-racing-stack-ICRA22/maps/0323_3.yaml,21cd32ba0fdb27d6fea716c2a8c2906215531707af618535ea2a334dc253f0b4,133
/media/jiwon/ubuntu_backup/F1TENTH_UBUNTU_BACKUP_2026_09/user_files/home/lane_ws/src/f1tenth-racing-stack-ICRA22/maps/0824_3.yaml,f1tenth-planning/global-planning/f1tenth-racing-stack-ICRA22/maps/0824_3.yaml,62c2299d7fdb5424846a090695ee3631f9fd80f193ed24d64d4ff9c43370f2cd,132
/media/jiwon/ubuntu_backup/F1TENTH_UBUNTU_BACKUP_2026_09/user_files/home/lane_ws/src/f1tenth-racing-stack-ICRA22/maps/0924.png,f1tenth-planning/global-planning/f1tenth-racing-stack-ICRA22/maps/0924.png,a9b16a3a19f1dd25374a8e5d7e84840faad76cc3a01125301eacb57bccd88775,9066
/media/jiwon/ubuntu_backup/F1TENTH_UBUNTU_BACKUP_2026_09/user_files/home/lane_ws/src/f1tenth-racing-stack-ICRA22/maps/0312.yaml,f1tenth-planning/global-planning/f1tenth-racing-stack-ICRA22/maps/0312.yaml,516282471f03e27bacc0987d8b53173206c27100c96817deea9d9738080a186b,132
/media/jiwon/ubuntu_backup/F1TENTH_UBUNTU_BACKUP_2026_09/user_files/home/lane_ws/src/f1tenth-racing-stack-ICRA22/maps/0819_3.yaml,f1tenth-planning/global-planning/f1tenth-racing-stack-ICRA22/maps/0819_3.yaml,66a711de8ee8db775fc6c9ca720f2eb4624dd3453966da86bb40d4e4247d6c02,132
/media/jiwon/ubuntu_backup/F1TENTH_UBUNTU_BACKUP_2026_09/user_files/home/lane_ws/src/f1tenth-racing-stack-ICRA22/maps/0310_1.yaml,f1tenth-planning/global-planning/f1tenth-racing-stack-ICRA22/maps/0310_1.yaml,c40097611ddcdc5d67597164ad0aab0f4a7522f49d2766fce8a0a372fe5ed849,133
/media/jiwon/ubuntu_backup/F1TENTH_UBUNTU_BACKUP_2026_09/user_files/home/lane_ws/src/f1tenth-racing-stack-ICRA22/maps/0821.png,f1tenth-planning/global-planning/f1tenth-racing-stack-ICRA22/maps/0821.png,f19fafd7bb67d1e35b8c2d278bf52a2dd5d15403a5cfdda9362b023b4d58f8e2,205510
/media/jiwon/ubuntu_backup/F1TENTH_UBUNTU_BACKUP_2026_09/user_files/home/lane_ws/src/f1tenth-racing-stack-ICRA22/maps/0316_1.png,f1tenth-planning/global-planning/f1tenth-racing-stack-ICRA22/maps/0316_1.png,061bf0d3352bff2c45351a2364a703eff5c29a0d5b93cd73f4c65d8f54b76840,1665617
/media/jiwon/ubuntu_backup/F1TENTH_UBUNTU_BACKUP_2026_09/user_files/home/lane_ws/src/f1tenth-racing-stack-ICRA22/maps/icra_2.yaml,f1tenth-planning/global-planning/f1tenth-racing-stack-ICRA22/maps/icra_2.yaml,4d6202d604478730da70728a14d85e76138c64d538c5f5bf5a33af6ca7a7ba58,128
/media/jiwon/ubuntu_backup/F1TENTH_UBUNTU_BACKUP_2026_09/user_files/home/lane_ws/src/f1tenth-racing-stack-ICRA22/maps/0316_2.png,f1tenth-planning/global-planning/f1tenth-racing-stack-ICRA22/maps/0316_2.png,5fdb55010ac6e87bcd1b45f95a4fdb8f962649019bd436b0c9b8436772bfad46,986851
/media/jiwon/ubuntu_backup/F1TENTH_UBUNTU_BACKUP_2026_09/user_files/home/lane_ws/src/f1tenth-racing-stack-ICRA22/maps/0122.png,f1tenth-planning/global-planning/f1tenth-racing-stack-ICRA22/maps/0122.png,e411c2007a38f7f66f2ab01ff7c32d585cc257fea31fe520f205f9282059002a,13338
/media/jiwon/ubuntu_backup/F1TENTH_UBUNTU_BACKUP_2026_09/user_files/home/lane_ws/src/f1tenth-racing-stack-ICRA22/maps/0819_2.png,f1tenth-planning/global-planning/f1tenth-racing-stack-ICRA22/maps/0819_2.png,e310e522af9bc0ac66d272fcc8a25389398b4568ae4897d0b2b6a163bd6c9a19,20661
/media/jiwon/ubuntu_backup/F1TENTH_UBUNTU_BACKUP_2026_09/user_files/home/lane_ws/src/f1tenth-racing-stack-ICRA22/maps/0824_1.png,f1tenth-planning/global-planning/f1tenth-racing-stack-ICRA22/maps/0824_1.png,092f8a003755ed7f53fb008068abfcd8e689919edc9a02be95a3334226a197d4,133537
/media/jiwon/ubuntu_backup/F1TENTH_UBUNTU_BACKUP_2026_09/user_files/home/lane_ws/src/f1tenth-racing-stack-ICRA22/maps/0125.png,f1tenth-planning/global-planning/f1tenth-racing-stack-ICRA22/maps/0125.png,9b5dede80eac0a4327e89c7a670c1484b5982bf6aee78bc54986625cba44e701,20777
/media/jiwon/ubuntu_backup/F1TENTH_UBUNTU_BACKUP_2026_09/user_files/home/lane_ws/src/f1tenth-racing-stack-ICRA22/maps/0817.yaml,f1tenth-planning/global-planning/f1tenth-racing-stack-ICRA22/maps/0817.yaml,1d9eadc1d5127d64fc266945bf05fcd4c48838cc873e3a567b5921d587dde3db,130
/media/jiwon/ubuntu_backup/F1TENTH_UBUNTU_BACKUP_2026_09/user_files/home/lane_ws/src/f1tenth-racing-stack-ICRA22/maps/0819.png,f1tenth-planning/global-planning/f1tenth-racing-stack-ICRA22/maps/0819.png,44c6ad91dab097cfd11a307955d7e23e90fc240a6a3a9c9568dc1970a3ac7f1c,12943
/media/jiwon/ubuntu_backup/F1TENTH_UBUNTU_BACKUP_2026_09/user_files/home/lane_ws/src/f1tenth-racing-stack-ICRA22/maps/0821.yaml,f1tenth-planning/global-planning/f1tenth-racing-stack-ICRA22/maps/0821.yaml,90693cb8b79e3c0d27ff9e254e3032c4e8e4e26f7110594198644cff197e262a,131
/media/jiwon/ubuntu_backup/F1TENTH_UBUNTU_BACKUP_2026_09/user_files/home/lane_ws/src/f1tenth-racing-stack-ICRA22/maps/0819_2.yaml,f1tenth-planning/global-planning/f1tenth-racing-stack-ICRA22/maps/0819_2.yaml,f6598244731372156f8c7e4752805a3a5f491338c8082037b1330a0b2550000a,132
/media/jiwon/ubuntu_backup/F1TENTH_UBUNTU_BACKUP_2026_09/user_files/home/lane_ws/src/f1tenth-racing-stack-ICRA22/maps/icra_2.png,f1tenth-planning/global-planning/f1tenth-racing-stack-ICRA22/maps/icra_2.png,d8ae9c2fc3bdff102744448b16e22d379eccda809512ba0dd687a8fb57bc5548,10782
/media/jiwon/ubuntu_backup/F1TENTH_UBUNTU_BACKUP_2026_09/user_files/home/lane_ws/src/f1tenth-racing-stack-ICRA22/maps/0824_3.png,f1tenth-planning/global-planning/f1tenth-racing-stack-ICRA22/maps/0824_3.png,2a1c5fee0de7bad3e349e528f9c1deec163c945687fa196354fe1d9a2f07d02b,135106
/media/jiwon/ubuntu_backup/F1TENTH_UBUNTU_BACKUP_2026_09/user_files/home/lane_ws/src/f1tenth-racing-stack-ICRA22/maps/0819_3.png,f1tenth-planning/global-planning/f1tenth-racing-stack-ICRA22/maps/0819_3.png,3f34c5f1a91e7c23f8d19e1435514fbeee0b8c8800c0ad5310033cebe60235e0,209628
/media/jiwon/ubuntu_backup/F1TENTH_UBUNTU_BACKUP_2026_09/user_files/home/lane_ws/src/f1tenth-racing-stack-ICRA22/maps/0817.png,f1tenth-planning/global-planning/f1tenth-racing-stack-ICRA22/maps/0817.png,b3daa917f706a3d2937636508c7fb23ce45ac0589b56cdda4f249dff24300bcb,298779
/media/jiwon/ubuntu_backup/F1TENTH_UBUNTU_BACKUP_2026_09/user_files/home/lane_ws/src/f1tenth-racing-stack-ICRA22/maps/0316_2.yaml,f1tenth-planning/global-planning/f1tenth-racing-stack-ICRA22/maps/0316_2.yaml,c5a21422dd89378e188d537139ab3690cdddfbb56decad7025e3666ce990b504,133
/media/jiwon/ubuntu_backup/F1TENTH_UBUNTU_BACKUP_2026_09/user_files/home/lane_ws/src/f1tenth-racing-stack-ICRA22/maps/0824.yaml,f1tenth-planning/global-planning/f1tenth-racing-stack-ICRA22/maps/0824.yaml,089ab633ce4077a3aaab530353a772b1b775702f74e61ca116721ff0c3a0badb,130
/media/jiwon/ubuntu_backup/F1TENTH_UBUNTU_BACKUP_2026_09/user_files/home/lane_ws/src/f1tenth-racing-stack-ICRA22/maps/levine_2nd.yaml,f1tenth-planning/global-planning/f1tenth-racing-stack-ICRA22/maps/levine_2nd.yaml,9fe734fe331b0a8f7a2101ab5472b01dd3b0cc989b69506acc02f907a9bd9d49,128
/media/jiwon/ubuntu_backup/F1TENTH_UBUNTU_BACKUP_2026_09/user_files/home/lane_ws/src/f1tenth-racing-stack-ICRA22/maps/0816_2.png,f1tenth-planning/global-planning/f1tenth-racing-stack-ICRA22/maps/0816_2.png,526970ef1818f4cfc3024f3541ca5effc970a99a4fa5336cd99da6f0f93bf3f7,111790
/media/jiwon/ubuntu_backup/F1TENTH_UBUNTU_BACKUP_2026_09/user_files/home/lane_ws/src/f1tenth-racing-stack-ICRA22/maps/0125_2.yaml,f1tenth-planning/global-planning/f1tenth-racing-stack-ICRA22/maps/0125_2.yaml,68965e6fafcbf5cecc54a25bfe4886f0e8ae502e3bd25bbdd305038f20d979c4,133
/media/jiwon/ubuntu_backup/F1TENTH_UBUNTU_BACKUP_2026_09/user_files/home/lane_ws/src/f1tenth-racing-stack-ICRA22/maps/0309.yaml,f1tenth-planning/global-planning/f1tenth-racing-stack-ICRA22/maps/0309.yaml,2fed2b84fffe7baef59e6a79e3eecf3a11742db3ef5266be3781de9d9a8571c7,131
/media/jiwon/ubuntu_backup/F1TENTH_UBUNTU_BACKUP_2026_09/user_files/home/lane_ws/src/f1tenth-racing-stack-ICRA22/maps/0125_2.png,f1tenth-planning/global-planning/f1tenth-racing-stack-ICRA22/maps/0125_2.png,27596792706707fece2e9ba8c1c7428462d719fc31466e1aa9f67a23d2e93cef,405507
/media/jiwon/ubuntu_backup/F1TENTH_UBUNTU_BACKUP_2026_09/user_files/home/lane_ws/src/f1tenth-racing-stack-ICRA22/maps/0121.yaml,f1tenth-planning/global-planning/f1tenth-racing-stack-ICRA22/maps/0121.yaml,f382fccf4a6e8755816932a0b59bd44df9c5d5d08512dc82203a2f4890b713f7,131
/media/jiwon/ubuntu_backup/F1TENTH_UBUNTU_BACKUP_2026_09/user_files/home/lane_ws/src/f1tenth-racing-stack-ICRA22/maps/0823.png,f1tenth-planning/global-planning/f1tenth-racing-stack-ICRA22/maps/0823.png,f3b669dff3ca053d8d58b9dd4757920f1e81ae97f20f8929ed216ff68660c8c8,267157
/media/jiwon/ubuntu_backup/F1TENTH_UBUNTU_BACKUP_2026_09/user_files/home/lane_ws/src/f1tenth-racing-stack-ICRA22/maps/icra.png,f1tenth-planning/global-planning/f1tenth-racing-stack-ICRA22/maps/icra.png,4860b2f3e58ae0c783408ec7a41bcd2fdb568021aae9036b13f200617a4a17c0,62590
/media/jiwon/ubuntu_backup/F1TENTH_UBUNTU_BACKUP_2026_09/user_files/home/lane_ws/src/f1tenth-racing-stack-ICRA22/maps/0312.png,f1tenth-planning/global-planning/f1tenth-racing-stack-ICRA22/maps/0312.png,074c5098732a7e7634b3d977d6f8b3298165a08c928a9336a0e1b8d37dd6796e,1309755
/media/jiwon/ubuntu_backup/F1TENTH_UBUNTU_BACKUP_2026_09/user_files/home/lane_ws/src/f1tenth-racing-stack-ICRA22/maps/0121.png,f1tenth-planning/global-planning/f1tenth-racing-stack-ICRA22/maps/0121.png,04f44e90a413174573b893b71723ffe8eeda4e2017a8cd7cc8c571d1bc79e667,15227
/media/jiwon/ubuntu_backup/F1TENTH_UBUNTU_BACKUP_2026_09/user_files/home/lane_ws/src/f1tenth-racing-stack-ICRA22/maps/0824_1.yaml,f1tenth-planning/global-planning/f1tenth-racing-stack-ICRA22/maps/0824_1.yaml,6ff90d4d792ecd9fb85981245eada59a2a679582d8777bbded6f64c5fff72543,132
/media/jiwon/ubuntu_backup/F1TENTH_UBUNTU_BACKUP_2026_09/user_files/home/lane_ws/src/f1tenth-racing-stack-ICRA22/maps/0818_1.png,f1tenth-planning/global-planning/f1tenth-racing-stack-ICRA22/maps/0818_1.png,b936711c2f9416807a497f1c4a1ff2cb59eb21f6e89df76e4d1569b5d8aebe7f,16762
/media/jiwon/ubuntu_backup/F1TENTH_UBUNTU_BACKUP_2026_09/user_files/home/lane_ws/src/f1tenth-racing-stack-ICRA22/maps/0818.yaml,f1tenth-planning/global-planning/f1tenth-racing-stack-ICRA22/maps/0818.yaml,efe41ad2ead476a69087de8ffb1ad39a6ed4d331b545049c6d048ec5ca67fffc,131
/media/jiwon/ubuntu_backup/F1TENTH_UBUNTU_BACKUP_2026_09/user_files/home/lane_ws/src/f1tenth-racing-stack-ICRA22/maps/0818.png,f1tenth-planning/global-planning/f1tenth-racing-stack-ICRA22/maps/0818.png,67568ccd0496731f94121e453eaa3b7ef379d07362893b1571566e07e922f236,120481
/media/jiwon/ubuntu_backup/F1TENTH_UBUNTU_BACKUP_2026_09/user_files/home/lane_ws/src/f1tenth-racing-stack-ICRA22/maps/0122.yaml,f1tenth-planning/global-planning/f1tenth-racing-stack-ICRA22/maps/0122.yaml,6d5e624a3cafd3b7b22596abd8c85c17d9a799f5ee7a8513005c6d297d45aa4e,131
/media/jiwon/ubuntu_backup/F1TENTH_UBUNTU_BACKUP_2026_09/user_files/home/lane_ws/src/f1tenth-racing-stack-ICRA22/maps/0115.yaml,f1tenth-planning/global-planning/f1tenth-racing-stack-ICRA22/maps/0115.yaml,e28f0f6c99ca1e85c0c973596c923e96c43e41ccd4a5d3dc11346ae75447be36,131
/media/jiwon/ubuntu_backup/F1TENTH_UBUNTU_BACKUP_2026_09/user_files/home/lane_ws/src/f1tenth-racing-stack-ICRA22/maps/Spielberg_map.png,f1tenth-planning/global-planning/f1tenth-racing-stack-ICRA22/maps/Spielberg_map.png,3378ea1da231e00b4c41015311f7f3a63fb62420d8c54aaa23b6d1ca7c947e56,62176
/media/jiwon/ubuntu_backup/F1TENTH_UBUNTU_BACKUP_2026_09/user_files/home/lane_ws/src/f1tenth-racing-stack-ICRA22/maps/0125.yaml,f1tenth-planning/global-planning/f1tenth-racing-stack-ICRA22/maps/0125.yaml,413a58b2dcd44d1dfc6a5365e2ee0c06f4b0da3ffbe383c39d28f0517112416e,131
/media/jiwon/ubuntu_backup/F1TENTH_UBUNTU_BACKUP_2026_09/user_files/home/lane_ws/src/f1tenth-racing-stack-ICRA22/maps/0924.yaml,f1tenth-planning/global-planning/f1tenth-racing-stack-ICRA22/maps/0924.yaml,0c8d3001e95a5cd5fb5b7b53fe6ebd67b840552039a4ea6e6f9e318c5d00e726,131
/media/jiwon/ubuntu_backup/F1TENTH_UBUNTU_BACKUP_2026_09/user_files/home/lane_ws/src/f1tenth-racing-stack-ICRA22/maps/levine.yaml,f1tenth-planning/global-planning/f1tenth-racing-stack-ICRA22/maps/levine.yaml,bb9708db87327f382d92465022ca24f4c4cb034a2fa09f4591c58ddaa7ee6c83,133
/media/jiwon/ubuntu_backup/F1TENTH_UBUNTU_BACKUP_2026_09/user_files/home/lane_ws/src/f1tenth-racing-stack-ICRA22/maps/levine_2nd.pgm,f1tenth-planning/global-planning/f1tenth-racing-stack-ICRA22/maps/levine_2nd.pgm,5ca38d96919393a99aafa1d5458c69348d3a40a7ca1a8a87c1b8328db073c203,623343
/media/jiwon/ubuntu_backup/F1TENTH_UBUNTU_BACKUP_2026_09/user_files/home/lane_ws/src/f1tenth-racing-stack-ICRA22/maps/0823.yaml,f1tenth-planning/global-planning/f1tenth-racing-stack-ICRA22/maps/0823.yaml,b3e5ca1aba74c0ddc9021c8b5ae14bdf26cea6475475ade28a45dd5058c6a32f,130
/media/jiwon/ubuntu_backup/F1TENTH_UBUNTU_BACKUP_2026_09/user_files/home/lane_ws/src/f1tenth-racing-stack-ICRA22/maps/0824.png,f1tenth-planning/global-planning/f1tenth-racing-stack-ICRA22/maps/0824.png,84979a17f4780b331c58a8bd7b98f6673ca9e58171e02f8408e5152b02806e32,61158
/media/jiwon/ubuntu_backup/F1TENTH_UBUNTU_BACKUP_2026_09/user_files/home/lane_ws/src/f1tenth-racing-stack-ICRA22/maps/0309.png,f1tenth-planning/global-planning/f1tenth-racing-stack-ICRA22/maps/0309.png,bbea1c5a3204068b0903e36450682427a660619cce6220a5f34c9691eae04dfb,122607
/media/jiwon/ubuntu_backup/F1TENTH_UBUNTU_BACKUP_2026_09/user_files/home/lane_ws/src/f1tenth-racing-stack-ICRA22/maps/0815.yaml,f1tenth-planning/global-planning/f1tenth-racing-stack-ICRA22/maps/0815.yaml,428750f56433a31a139ba3731455168a5e46bd68c9f5b9096d698e7ae189f604,132
/media/jiwon/ubuntu_backup/F1TENTH_UBUNTU_BACKUP_2026_09/user_files/home/lane_ws/src/f1tenth-racing-stack-ICRA22/maps/levine_block.yaml,f1tenth-planning/global-planning/f1tenth-racing-stack-ICRA22/maps/levine_block.yaml,1295af7311215fd8ec0ffa8af019845dbda308e5e549a00cbeeda108b5902677,127
/media/jiwon/ubuntu_backup/F1TENTH_UBUNTU_BACKUP_2026_09/user_files/home/lane_ws/src/f1tenth-racing-stack-ICRA22/maps/0125_3.yaml,f1tenth-planning/global-planning/f1tenth-racing-stack-ICRA22/maps/0125_3.yaml,673959b42e8bf63db82b124a010d5d3e5af90e4898918e18e72269e9fe071657,133
/media/jiwon/ubuntu_backup/F1TENTH_UBUNTU_BACKUP_2026_09/user_files/home/lane_ws/src/f1tenth-racing-stack-ICRA22/maps/0816.yaml,f1tenth-planning/global-planning/f1tenth-racing-stack-ICRA22/maps/0816.yaml,4ff22ac7876b6f23a98833e1780bf0ecb796c7b331a32f3114b993f3f969ceed,131
/media/jiwon/ubuntu_backup/F1TENTH_UBUNTU_BACKUP_2026_09/user_files/home/lane_ws/src/f1tenth-racing-stack-ICRA22/maps/0815.png,f1tenth-planning/global-planning/f1tenth-racing-stack-ICRA22/maps/0815.png,0b118f0236adab41aecdbe5a6689b7af9df69c3034a4844b2e25c8eabbf86eb5,294366
/media/jiwon/ubuntu_backup/F1TENTH_UBUNTU_BACKUP_2026_09/user_files/home/lane_ws/src/f1tenth-racing-stack-ICRA22/maps/icra.yaml,f1tenth-planning/global-planning/f1tenth-racing-stack-ICRA22/maps/icra.yaml,d8574dae56640f94a38961f2348bc92eb024e557505a79841840c1190f54a215,125
/media/jiwon/ubuntu_backup/F1TENTH_UBUNTU_BACKUP_2026_09/user_files/home/lane_ws/src/f1tenth-racing-stack-ICRA22/maps/0816.png,f1tenth-planning/global-planning/f1tenth-racing-stack-ICRA22/maps/0816.png,52c6fb43885236989a0036feb1e6d33aec4899abf42d51926163dc7993efa867,215140
/media/jiwon/ubuntu_backup/F1TENTH_UBUNTU_BACKUP_2026_09/user_files/home/lane_ws/src/f1tenth-racing-stack-ICRA22/maps/levine.png,f1tenth-planning/global-planning/f1tenth-racing-stack-ICRA22/maps/levine.png,c80e424ae720ca9461db6ef58a053a15a906ecc1d1113d1d2f14d9bfaaa5ac18,13546
/media/jiwon/ubuntu_backup/F1TENTH_UBUNTU_BACKUP_2026_09/user_files/home/lane_ws/src/f1tenth-racing-stack-ICRA22/maps/0319_2.png,f1tenth-planning/global-planning/f1tenth-racing-stack-ICRA22/maps/0319_2.png,c8dde45c9a3f124d52de17e36ae7fa061d0824fb109475c836eaa3efd288ba32,144319
/media/jiwon/ubuntu_backup/F1TENTH_UBUNTU_BACKUP_2026_09/user_files/home/lane_ws/src/f1tenth-racing-stack-ICRA22/maps/Spielberg_map.yaml,f1tenth-planning/global-planning/f1tenth-racing-stack-ICRA22/maps/Spielberg_map.yaml,86c0eb7546bb035ee6e0173eddc8a2953f8c079944acd28374856f8cc245f6f1,154
/media/jiwon/ubuntu_backup/F1TENTH_UBUNTU_BACKUP_2026_09/user_files/home/lane_ws/src/f1tenth-racing-stack-ICRA22/maps/skir.pgm,f1tenth-planning/global-planning/f1tenth-racing-stack-ICRA22/maps/skir.pgm,1157b7331d95b5aa13e943e679f31c87a3ad803b2209198a031f86cca6cca0a1,227506
/media/jiwon/ubuntu_backup/F1TENTH_UBUNTU_BACKUP_2026_09/user_files/home/lane_ws/src/f1tenth-racing-stack-ICRA22/maps/0819.yaml,f1tenth-planning/global-planning/f1tenth-racing-stack-ICRA22/maps/0819.yaml,07982aa4bf4404aaad02a6bd5cb04b5533987e1779bf6ab33277edb6d2eeba8f,132
/media/jiwon/ubuntu_backup/F1TENTH_UBUNTU_BACKUP_2026_09/user_files/home/lane_ws/src/f1tenth-racing-stack-ICRA22/maps/0818_1.yaml,f1tenth-planning/global-planning/f1tenth-racing-stack-ICRA22/maps/0818_1.yaml,b7e69123509bbb1f4ea1b0cf1d87589c96c0ec035c218e4ca0857fa733aff539,133
/media/jiwon/ubuntu_backup/F1TENTH_UBUNTU_BACKUP_2026_09/user_files/home/lane_ws/src/f1tenth-racing-stack-ICRA22/trajectory_generator/outputs/0125_3/track.csv,f1tenth-planning/global-planning/f1tenth-racing-stack-ICRA22/trajectory_generator/outputs/0125_3/track.csv,7c9502f8825246d858c5482c838c242b62cd773e29f3a6ccc71bccc10396129c,5803849
/media/jiwon/ubuntu_backup/F1TENTH_UBUNTU_BACKUP_2026_09/user_files/home/lane_ws/src/f1tenth-racing-stack-ICRA22/trajectory_generator/outputs/0125_3/centerline.csv,f1tenth-planning/global-planning/f1tenth-racing-stack-ICRA22/trajectory_generator/outputs/0125_3/centerline.csv,4a61b78731f5a063cc0e09d7f5cf85ea0d1ab92007c55514d9ce2f12e788aa51,43541
/media/jiwon/ubuntu_backup/F1TENTH_UBUNTU_BACKUP_2026_09/user_files/home/lane_ws/src/f1tenth-racing-stack-ICRA22/trajectory_generator/outputs/0125_3/lane_optimal.csv,f1tenth-planning/global-planning/f1tenth-racing-stack-ICRA22/trajectory_generator/outputs/0125_3/lane_optimal.csv,f17228acfedbb3dca4678533a907ab3bf557f0682a6fb7abf8f3aa1b19cb582a,4273
/media/jiwon/ubuntu_backup/F1TENTH_UBUNTU_BACKUP_2026_09/user_files/home/lane_ws/src/f1tenth-racing-stack-ICRA22/trajectory_generator/outputs/0125_3/traj_race_cl.csv,f1tenth-planning/global-planning/f1tenth-racing-stack-ICRA22/trajectory_generator/outputs/0125_3/traj_race_cl.csv,d688593f22bcf4880eeb14823c6c4ce047d01f85ee0cf7334c2cfaff71f94ebf,17978
/media/jiwon/ubuntu_backup/F1TENTH_UBUNTU_BACKUP_2026_09/user_files/home/lane_ws/src/f1tenth-racing-stack-ICRA22/trajectory_generator/outputs/0125_3/outer_bound.csv,f1tenth-planning/global-planning/f1tenth-racing-stack-ICRA22/trajectory_generator/outputs/0125_3/outer_bound.csv,a20106464f26e36f66d8973cfc34961becc30ab1303c41ca53edb3ea1f3094dc,3159
/media/jiwon/ubuntu_backup/F1TENTH_UBUNTU_BACKUP_2026_09/user_files/home/lane_ws/src/f1tenth-racing-stack-ICRA22/trajectory_generator/outputs/0125_3/track.npy,f1tenth-planning/global-planning/f1tenth-racing-stack-ICRA22/trajectory_generator/outputs/0125_3/track.npy,ac99778bdb68f2bb63d3e05c1c251bf3897699ac01d8d6f3027c1fd58ccf08fe,2843072
/media/jiwon/ubuntu_backup/F1TENTH_UBUNTU_BACKUP_2026_09/user_files/home/lane_ws/src/f1tenth-racing-stack-ICRA22/trajectory_generator/outputs/0125_3/inner_bound.csv,f1tenth-planning/global-planning/f1tenth-racing-stack-ICRA22/trajectory_generator/outputs/0125_3/inner_bound.csv,200d4b3d6d00302fae4b19e39e59e4a7a8fdb71c8f1897ae823bd97b4d4de1a3,4266
/media/jiwon/ubuntu_backup/F1TENTH_UBUNTU_BACKUP_2026_09/user_files/home/lane_ws/src/f1tenth-racing-stack-ICRA22/trajectory_generator/outputs/0323_3/track.csv,f1tenth-planning/global-planning/f1tenth-racing-stack-ICRA22/trajectory_generator/outputs/0323_3/track.csv,7146ed9b90131c017ad1a498ae6fd0368a6cb6de40792083844f53c2825ad45d,1958698
/media/jiwon/ubuntu_backup/F1TENTH_UBUNTU_BACKUP_2026_09/user_files/home/lane_ws/src/f1tenth-racing-stack-ICRA22/trajectory_generator/outputs/0323_3/centerline.csv,f1tenth-planning/global-planning/f1tenth-racing-stack-ICRA22/trajectory_generator/outputs/0323_3/centerline.csv,4adbc11897914229e2e043bd45828f31d89c56b317ebff955a859c9fccbb5f80,24487
/media/jiwon/ubuntu_backup/F1TENTH_UBUNTU_BACKUP_2026_09/user_files/home/lane_ws/src/f1tenth-racing-stack-ICRA22/trajectory_generator/outputs/0323_3/lane_optimal.csv,f1tenth-planning/global-planning/f1tenth-racing-stack-ICRA22/trajectory_generator/outputs/0323_3/lane_optimal.csv,287b4a46b8b0003c1f1df2ee4e6f6ec3f2ddfea2c6a7e084b54a7f024b30ce82,2158
/media/jiwon/ubuntu_backup/F1TENTH_UBUNTU_BACKUP_2026_09/user_files/home/lane_ws/src/f1tenth-racing-stack-ICRA22/trajectory_generator/outputs/0323_3/traj_race_cl.csv,f1tenth-planning/global-planning/f1tenth-racing-stack-ICRA22/trajectory_generator/outputs/0323_3/traj_race_cl.csv,a8da49e4277419d8fdde0bb6802b13ef5b24868b35ea4f954b2e0597f733a36f,37146
/media/jiwon/ubuntu_backup/F1TENTH_UBUNTU_BACKUP_2026_09/user_files/home/lane_ws/src/f1tenth-racing-stack-ICRA22/trajectory_generator/outputs/0323_3/outer_bound.csv,f1tenth-planning/global-planning/f1tenth-racing-stack-ICRA22/trajectory_generator/outputs/0323_3/outer_bound.csv,b065e879c81275b9aabf97d1322eb6f3883ed8ae820928f614b440a9aa0b1642,1315
/media/jiwon/ubuntu_backup/F1TENTH_UBUNTU_BACKUP_2026_09/user_files/home/lane_ws/src/f1tenth-racing-stack-ICRA22/trajectory_generator/outputs/0323_3/track.npy,f1tenth-planning/global-planning/f1tenth-racing-stack-ICRA22/trajectory_generator/outputs/0323_3/track.npy,bb443f924adc7895724b3aa20b2d91e71b432720e5fa6d2704a1b0a9d485d8dc,911360
/media/jiwon/ubuntu_backup/F1TENTH_UBUNTU_BACKUP_2026_09/user_files/home/lane_ws/src/f1tenth-racing-stack-ICRA22/trajectory_generator/outputs/0323_3/inner_bound.csv,f1tenth-planning/global-planning/f1tenth-racing-stack-ICRA22/trajectory_generator/outputs/0323_3/inner_bound.csv,2c0e920194f028a2255b18b9530a1e09c40cf63a7d3c7b722120424a4ed189d7,1247
/media/jiwon/ubuntu_backup/F1TENTH_UBUNTU_BACKUP_2026_09/user_files/home/lane_ws/src/f1tenth-racing-stack-ICRA22/trajectory_generator/outputs/0310_1/track.csv,f1tenth-planning/global-planning/f1tenth-racing-stack-ICRA22/trajectory_generator/outputs/0310_1/track.csv,3dcdbf4b715aa4508df5b0587f08b700dfa311da1f485ae361a1409080231947,1978470
/media/jiwon/ubuntu_backup/F1TENTH_UBUNTU_BACKUP_2026_09/user_files/home/lane_ws/src/f1tenth-racing-stack-ICRA22/trajectory_generator/outputs/0310_1/centerline.csv,f1tenth-planning/global-planning/f1tenth-racing-stack-ICRA22/trajectory_generator/outputs/0310_1/centerline.csv,5ca2836719176a17d34ffc5381d91f22fe3ba326a0c4a5c88e04624c990e3bfa,22456
/media/jiwon/ubuntu_backup/F1TENTH_UBUNTU_BACKUP_2026_09/user_files/home/lane_ws/src/f1tenth-racing-stack-ICRA22/trajectory_generator/outputs/0310_1/lane_optimal.csv,f1tenth-planning/global-planning/f1tenth-racing-stack-ICRA22/trajectory_generator/outputs/0310_1/lane_optimal.csv,30faf77511560d8238c7a75384c79831a88e46502b2a0614edd1e7cdee3dc4e6,1777
/media/jiwon/ubuntu_backup/F1TENTH_UBUNTU_BACKUP_2026_09/user_files/home/lane_ws/src/f1tenth-racing-stack-ICRA22/trajectory_generator/outputs/0310_1/traj_race_cl.csv,f1tenth-planning/global-planning/f1tenth-racing-stack-ICRA22/trajectory_generator/outputs/0310_1/traj_race_cl.csv,eb06b082f6d566a290d11a8c197d11eea36c1a78cb471d1e75896a4792c1aeb3,7626
/media/jiwon/ubuntu_backup/F1TENTH_UBUNTU_BACKUP_2026_09/user_files/home/lane_ws/src/f1tenth-racing-stack-ICRA22/trajectory_generator/outputs/0310_1/outer_bound.csv,f1tenth-planning/global-planning/f1tenth-racing-stack-ICRA22/trajectory_generator/outputs/0310_1/outer_bound.csv,9a2480f5dfeaa40965318e95be741d87d6c986fdfa53475e102c57e1ce04a8ba,2106
/media/jiwon/ubuntu_backup/F1TENTH_UBUNTU_BACKUP_2026_09/user_files/home/lane_ws/src/f1tenth-racing-stack-ICRA22/trajectory_generator/outputs/0310_1/track.npy,f1tenth-planning/global-planning/f1tenth-racing-stack-ICRA22/trajectory_generator/outputs/0310_1/track.npy,320aafa6c1570fa91a9ddc051f860496af283c224d3599274e72ced64642e049,971200
/media/jiwon/ubuntu_backup/F1TENTH_UBUNTU_BACKUP_2026_09/user_files/home/lane_ws/src/f1tenth-racing-stack-ICRA22/trajectory_generator/outputs/0310_1/inner_bound.csv,f1tenth-planning/global-planning/f1tenth-racing-stack-ICRA22/trajectory_generator/outputs/0310_1/inner_bound.csv,76fe86a19e1245b110d2c38569b99c36cfe747c6e80a6c0007ca8173211511fa,2412
/media/jiwon/ubuntu_backup/F1TENTH_UBUNTU_BACKUP_2026_09/user_files/home/lane_ws/src/f1tenth-racing-stack-ICRA22/trajectory_generator/outputs/0816_2/traj_race_cl.csv,f1tenth-planning/global-planning/f1tenth-racing-stack-ICRA22/trajectory_generator/outputs/0816_2/traj_race_cl.csv,ad3fd15493ecef142004bb32271ec9085d21803be62299449d118ed1b6de804d,40435
/media/jiwon/ubuntu_backup/F1TENTH_UBUNTU_BACKUP_2026_09/user_files/home/lane_ws/src/f1tenth-racing-stack-ICRA22/trajectory_generator/outputs/0817/track.csv,f1tenth-planning/global-planning/f1tenth-racing-stack-ICRA22/trajectory_generator/outputs/0817/track.csv,0d092bc6700ff2eef6ca0cb96711459e17a4adac8aaa9ef1dda45b949c18edc4,1415529
/media/jiwon/ubuntu_backup/F1TENTH_UBUNTU_BACKUP_2026_09/user_files/home/lane_ws/src/f1tenth-racing-stack-ICRA22/trajectory_generator/outputs/0817/centerline.csv,f1tenth-planning/global-planning/f1tenth-racing-stack-ICRA22/trajectory_generator/outputs/0817/centerline.csv,c1ddb73626e210cd13296bde7153d16dbafe6dade76c704747172576b6ec446a,23514
/media/jiwon/ubuntu_backup/F1TENTH_UBUNTU_BACKUP_2026_09/user_files/home/lane_ws/src/f1tenth-racing-stack-ICRA22/trajectory_generator/outputs/0817/traj_race_cl.csv,f1tenth-planning/global-planning/f1tenth-racing-stack-ICRA22/trajectory_generator/outputs/0817/traj_race_cl.csv,c169458877e4ac922e7e556f5a276621d63acf31c54d8a08e25bf4df7eb58f4b,47639
/media/jiwon/ubuntu_backup/F1TENTH_UBUNTU_BACKUP_2026_09/user_files/home/lane_ws/src/f1tenth-racing-stack-ICRA22/trajectory_generator/outputs/0817/outer_bound.csv,f1tenth-planning/global-planning/f1tenth-racing-stack-ICRA22/trajectory_generator/outputs/0817/outer_bound.csv,4e9de2393e562c23538992f4635c8726681c3f102f03d910309c6cf44a05a9be,36916
/media/jiwon/ubuntu_backup/F1TENTH_UBUNTU_BACKUP_2026_09/user_files/home/lane_ws/src/f1tenth-racing-stack-ICRA22/trajectory_generator/outputs/0817/track.npy,f1tenth-planning/global-planning/f1tenth-racing-stack-ICRA22/trajectory_generator/outputs/0817/track.npy,870133b04ee84bea136d38d971540af158517f78076ccea197f975cd1f82603d,752176
/media/jiwon/ubuntu_backup/F1TENTH_UBUNTU_BACKUP_2026_09/user_files/home/lane_ws/src/f1tenth-racing-stack-ICRA22/trajectory_generator/outputs/0817/inner_bound.csv,f1tenth-planning/global-planning/f1tenth-racing-stack-ICRA22/trajectory_generator/outputs/0817/inner_bound.csv,825039c62409fa1baeeac2a4f293c3ebe2e3bd9d41e02e8ffaf08eca88ea065d,26137
/media/jiwon/ubuntu_backup/F1TENTH_UBUNTU_BACKUP_2026_09/user_files/home/lane_ws/src/f1tenth-racing-stack-ICRA22/trajectory_generator/outputs/0309/track.csv,f1tenth-planning/global-planning/f1tenth-racing-stack-ICRA22/trajectory_generator/outputs/0309/track.csv,59d946fbecc394c4629566f05b977610ba51d35221aab8f428f6fe53aac74d74,1052546
/media/jiwon/ubuntu_backup/F1TENTH_UBUNTU_BACKUP_2026_09/user_files/home/lane_ws/src/f1tenth-racing-stack-ICRA22/trajectory_generator/outputs/0309/centerline.csv,f1tenth-planning/global-planning/f1tenth-racing-stack-ICRA22/trajectory_generator/outputs/0309/centerline.csv,813cea7b7afe206bb3a69d2600a565acc92536a1e85561f1afa8ae6ae067c2dd,15376
/media/jiwon/ubuntu_backup/F1TENTH_UBUNTU_BACKUP_2026_09/user_files/home/lane_ws/src/f1tenth-racing-stack-ICRA22/trajectory_generator/outputs/0309/lane_optimal.csv,f1tenth-planning/global-planning/f1tenth-racing-stack-ICRA22/trajectory_generator/outputs/0309/lane_optimal.csv,7f6156de27a826f903e00dd53d96628f4370c88a41bfc05fabe25fb98f57bfba,1005
/media/jiwon/ubuntu_backup/F1TENTH_UBUNTU_BACKUP_2026_09/user_files/home/lane_ws/src/f1tenth-racing-stack-ICRA22/trajectory_generator/outputs/0309/traj_race_cl.csv,f1tenth-planning/global-planning/f1tenth-racing-stack-ICRA22/trajectory_generator/outputs/0309/traj_race_cl.csv,2775af8bb9f90d948b609544dfed97c63652e96badcbb9edf98c82e9bd1461fb,4341
/media/jiwon/ubuntu_backup/F1TENTH_UBUNTU_BACKUP_2026_09/user_files/home/lane_ws/src/f1tenth-racing-stack-ICRA22/trajectory_generator/outputs/0309/outer_bound.csv,f1tenth-planning/global-planning/f1tenth-racing-stack-ICRA22/trajectory_generator/outputs/0309/outer_bound.csv,8f546f067ab08b4fc0acfd8a8d07a9e7c4992f7323e9c28d2e9a110f036a604a,2700
/media/jiwon/ubuntu_backup/F1TENTH_UBUNTU_BACKUP_2026_09/user_files/home/lane_ws/src/f1tenth-racing-stack-ICRA22/trajectory_generator/outputs/0309/track.npy,f1tenth-planning/global-planning/f1tenth-racing-stack-ICRA22/trajectory_generator/outputs/0309/track.npy,e7134ab622fae93b9eb020a08db2ac4461d92f4c6b887ae0119bc37d7adf7597,489984
/media/jiwon/ubuntu_backup/F1TENTH_UBUNTU_BACKUP_2026_09/user_files/home/lane_ws/src/f1tenth-racing-stack-ICRA22/trajectory_generator/outputs/0309/inner_bound.csv,f1tenth-planning/global-planning/f1tenth-racing-stack-ICRA22/trajectory_generator/outputs/0309/inner_bound.csv,82bee38a1d76fd8f0536ea470adadf2fabe53552a33c60cdc0b67f92fb273f7f,1224
/media/jiwon/ubuntu_backup/F1TENTH_UBUNTU_BACKUP_2026_09/user_files/home/lane_ws/src/f1tenth-racing-stack-ICRA22/trajectory_generator/outputs/0816/track.csv,f1tenth-planning/global-planning/f1tenth-racing-stack-ICRA22/trajectory_generator/outputs/0816/track.csv,3e74e8035b51fbed0ec2cdb9d6ba3fedab1d4f83fc281a4c02636a48d168c922,1677030
/media/jiwon/ubuntu_backup/F1TENTH_UBUNTU_BACKUP_2026_09/user_files/home/lane_ws/src/f1tenth-racing-stack-ICRA22/trajectory_generator/outputs/0816/centerline.csv,f1tenth-planning/global-planning/f1tenth-racing-stack-ICRA22/trajectory_generator/outputs/0816/centerline.csv,6b4b27952d8d6de8bec63de1049118d2e87a8c80268f6eb8795768774089a200,21306
/media/jiwon/ubuntu_backup/F1TENTH_UBUNTU_BACKUP_2026_09/user_files/home/lane_ws/src/f1tenth-racing-stack-ICRA22/trajectory_generator/outputs/0816/traj_race_cl.csv,f1tenth-planning/global-planning/f1tenth-racing-stack-ICRA22/trajectory_generator/outputs/0816/traj_race_cl.csv,a3981169a313b08a849affddc767f2a602dc133b93255a5289fc3e4d6006468e,41295
/media/jiwon/ubuntu_backup/F1TENTH_UBUNTU_BACKUP_2026_09/user_files/home/lane_ws/src/f1tenth-racing-stack-ICRA22/trajectory_generator/outputs/0816/outer_bound.csv,f1tenth-planning/global-planning/f1tenth-racing-stack-ICRA22/trajectory_generator/outputs/0816/outer_bound.csv,667c2e84feae5c70e19e50f4c46a800d61f9c7119db7db99cfb0a9da7385afb7,43486
/media/jiwon/ubuntu_backup/F1TENTH_UBUNTU_BACKUP_2026_09/user_files/home/lane_ws/src/f1tenth-racing-stack-ICRA22/trajectory_generator/outputs/0816/track.npy,f1tenth-planning/global-planning/f1tenth-racing-stack-ICRA22/trajectory_generator/outputs/0816/track.npy,40880b9028e293803b37e5dc29f37baacc53d3ec0f20bd458b76f524e4eebfdf,741264
/media/jiwon/ubuntu_backup/F1TENTH_UBUNTU_BACKUP_2026_09/user_files/home/lane_ws/src/f1tenth-racing-stack-ICRA22/trajectory_generator/outputs/0816/inner_bound.csv,f1tenth-planning/global-planning/f1tenth-racing-stack-ICRA22/trajectory_generator/outputs/0816/inner_bound.csv,5d96d6afdaa39a97a8c737af6af81de876af6b4ddcd4a94608786650b282379b,30517
/media/jiwon/ubuntu_backup/F1TENTH_UBUNTU_BACKUP_2026_09/user_files/home/lane_ws/src/f1tenth-racing-stack-ICRA22/trajectory_generator/outputs/0824_3/track.csv,f1tenth-planning/global-planning/f1tenth-racing-stack-ICRA22/trajectory_generator/outputs/0824_3/track.csv,e00d9fecb26e08032012e183bee8748468feac5c04c7e8348ca0d6d56f986daf,3007254
/media/jiwon/ubuntu_backup/F1TENTH_UBUNTU_BACKUP_2026_09/user_files/home/lane_ws/src/f1tenth-racing-stack-ICRA22/trajectory_generator/outputs/0824_3/centerline.csv,f1tenth-planning/global-planning/f1tenth-racing-stack-ICRA22/trajectory_generator/outputs/0824_3/centerline.csv,d373c63289893d25bf872374e5508f0775a6e7af94944f47f31f59c3ae33ede0,34424
/media/jiwon/ubuntu_backup/F1TENTH_UBUNTU_BACKUP_2026_09/user_files/home/lane_ws/src/f1tenth-racing-stack-ICRA22/trajectory_generator/outputs/0824_3/traj_race_cl.csv,f1tenth-planning/global-planning/f1tenth-racing-stack-ICRA22/trajectory_generator/outputs/0824_3/traj_race_cl.csv,93bd57817244451a1841e3d4f71f0ce8ec7bf74ec64915b7ad73ff9c932449fc,32134
/media/jiwon/ubuntu_backup/F1TENTH_UBUNTU_BACKUP_2026_09/user_files/home/lane_ws/src/f1tenth-racing-stack-ICRA22/trajectory_generator/outputs/0824_3/outer_bound.csv,f1tenth-planning/global-planning/f1tenth-racing-stack-ICRA22/trajectory_generator/outputs/0824_3/outer_bound.csv,cbae4b20777589a33a0106314637b7d708fcf41e2d4c69b90dc2daf22092c201,60997
/media/jiwon/ubuntu_backup/F1TENTH_UBUNTU_BACKUP_2026_09/user_files/home/lane_ws/src/f1tenth-racing-stack-ICRA22/trajectory_generator/outputs/0824_3/track.npy,f1tenth-planning/global-planning/f1tenth-racing-stack-ICRA22/trajectory_generator/outputs/0824_3/track.npy,61736b1e3d140029f1d42d343917da5d0ec7071f699cba2e56204327f256aaf2,1395664
/media/jiwon/ubuntu_backup/F1TENTH_UBUNTU_BACKUP_2026_09/user_files/home/lane_ws/src/f1tenth-racing-stack-ICRA22/trajectory_generator/outputs/0824_3/inner_bound.csv,f1tenth-planning/global-planning/f1tenth-racing-stack-ICRA22/trajectory_generator/outputs/0824_3/inner_bound.csv,0a0726a14b0c37ac09c86d7d03af6709049eff6caf5cd156a319bb87a604bde8,44517
/media/jiwon/ubuntu_backup/F1TENTH_UBUNTU_BACKUP_2026_09/user_files/home/lane_ws/src/f1tenth-racing-stack-ICRA22/trajectory_generator/outputs/0316_2/track.csv,f1tenth-planning/global-planning/f1tenth-racing-stack-ICRA22/trajectory_generator/outputs/0316_2/track.csv,901ba2087099fe2d99970ed80903e66e93742c00cf46b8a6529b3c4f107cee42,1664316
/media/jiwon/ubuntu_backup/F1TENTH_UBUNTU_BACKUP_2026_09/user_files/home/lane_ws/src/f1tenth-racing-stack-ICRA22/trajectory_generator/outputs/0316_2/centerline.csv,f1tenth-planning/global-planning/f1tenth-racing-stack-ICRA22/trajectory_generator/outputs/0316_2/centerline.csv,3e08b85a84fca6d3689a48a84b9832a8fde9453bbe7495e6baf21e1ae41e7ec8,23775
/media/jiwon/ubuntu_backup/F1TENTH_UBUNTU_BACKUP_2026_09/user_files/home/lane_ws/src/f1tenth-racing-stack-ICRA22/trajectory_generator/outputs/0316_2/lane_optimal.csv,f1tenth-planning/global-planning/f1tenth-racing-stack-ICRA22/trajectory_generator/outputs/0316_2/lane_optimal.csv,81bdd0d1836195df4ebf29434e4e74573ed855000d2707bc1b6afed1cedf1f46,1812
/media/jiwon/ubuntu_backup/F1TENTH_UBUNTU_BACKUP_2026_09/user_files/home/lane_ws/src/f1tenth-racing-stack-ICRA22/trajectory_generator/outputs/0316_2/traj_race_cl.csv,f1tenth-planning/global-planning/f1tenth-racing-stack-ICRA22/trajectory_generator/outputs/0316_2/traj_race_cl.csv,a4076470fbb30b1d49f8499e686a248474ec5578df8ffd919a3fab6bfb117d47,7438
/media/jiwon/ubuntu_backup/F1TENTH_UBUNTU_BACKUP_2026_09/user_files/home/lane_ws/src/f1tenth-racing-stack-ICRA22/trajectory_generator/outputs/0316_2/outer_bound.csv,f1tenth-planning/global-planning/f1tenth-racing-stack-ICRA22/trajectory_generator/outputs/0316_2/outer_bound.csv,90ceed25e2d7326b22ef644f5b6f51135039fc7b216cd0e9ab31b5c53373df72,3249
/media/jiwon/ubuntu_backup/F1TENTH_UBUNTU_BACKUP_2026_09/user_files/home/lane_ws/src/f1tenth-racing-stack-ICRA22/trajectory_generator/outputs/0316_2/track.npy,f1tenth-planning/global-planning/f1tenth-racing-stack-ICRA22/trajectory_generator/outputs/0316_2/track.npy,d8c5fe7117c7d0d399df7a8100b1953a817ad1948689c0639dc5f3e665b4522f,729664
/media/jiwon/ubuntu_backup/F1TENTH_UBUNTU_BACKUP_2026_09/user_files/home/lane_ws/src/f1tenth-racing-stack-ICRA22/trajectory_generator/outputs/0316_2/inner_bound.csv,f1tenth-planning/global-planning/f1tenth-racing-stack-ICRA22/trajectory_generator/outputs/0316_2/inner_bound.csv,deb51f0e7048e7e0baf4fcfe54ab4254ba54567491b4dc4d88396eb98ccef712,2808
/media/jiwon/ubuntu_backup/F1TENTH_UBUNTU_BACKUP_2026_09/user_files/home/lane_ws/src/f1tenth-racing-stack-ICRA22/trajectory_generator/outputs/0819_2/track.csv,f1tenth-planning/global-planning/f1tenth-racing-stack-ICRA22/trajectory_generator/outputs/0819_2/track.csv,2bd1760b41cf36584aaefc68ace4a32267d64e4b72e25b3046c8ffe7d622591e,1849277
/media/jiwon/ubuntu_backup/F1TENTH_UBUNTU_BACKUP_2026_09/user_files/home/lane_ws/src/f1tenth-racing-stack-ICRA22/trajectory_generator/outputs/0819_2/centerline.csv,f1tenth-planning/global-planning/f1tenth-racing-stack-ICRA22/trajectory_generator/outputs/0819_2/centerline.csv,c3ddb91ef7d4d67aec22c89ce079d44031fce202551b88951e86f2bd5dd4396a,25768
/media/jiwon/ubuntu_backup/F1TENTH_UBUNTU_BACKUP_2026_09/user_files/home/lane_ws/src/f1tenth-racing-stack-ICRA22/trajectory_generator/outputs/0819_2/traj_race_cl.csv,f1tenth-planning/global-planning/f1tenth-racing-stack-ICRA22/trajectory_generator/outputs/0819_2/traj_race_cl.csv,f9c6fa251f8b9a78fa0f91d27c8ace431012680cf8508274ccc9a6b50823e316,25125
/media/jiwon/ubuntu_backup/F1TENTH_UBUNTU_BACKUP_2026_09/user_files/home/lane_ws/src/f1tenth-racing-stack-ICRA22/trajectory_generator/outputs/0819_2/outer_bound.csv,f1tenth-planning/global-planning/f1tenth-racing-stack-ICRA22/trajectory_generator/outputs/0819_2/outer_bound.csv,fcd170946a347afc0f53670e2afc495eb48577881b51091389dc20a78fd24796,46571
/media/jiwon/ubuntu_backup/F1TENTH_UBUNTU_BACKUP_2026_09/user_files/home/lane_ws/src/f1tenth-racing-stack-ICRA22/trajectory_generator/outputs/0819_2/track.npy,f1tenth-planning/global-planning/f1tenth-racing-stack-ICRA22/trajectory_generator/outputs/0819_2/track.npy,7cc36b4ef8dae183ecd90deb9720a260bfc63365572c66c37ba07d00c5b3ffdb,835344
/media/jiwon/ubuntu_backup/F1TENTH_UBUNTU_BACKUP_2026_09/user_files/home/lane_ws/src/f1tenth-racing-stack-ICRA22/trajectory_generator/outputs/0819_2/inner_bound.csv,f1tenth-planning/global-planning/f1tenth-racing-stack-ICRA22/trajectory_generator/outputs/0819_2/inner_bound.csv,139fadc2965d3492edf4b5421b956af5fbe2cd1cbddbc8a36438fe7892d56e89,35259
/media/jiwon/ubuntu_backup/F1TENTH_UBUNTU_BACKUP_2026_09/user_files/home/lane_ws/src/f1tenth-racing-stack-ICRA22/trajectory_generator/outputs/0121/track.csv,f1tenth-planning/global-planning/f1tenth-racing-stack-ICRA22/trajectory_generator/outputs/0121/track.csv,1083e66588069738e40d28eb3a589d0ec6e06d2b0060b47f422c9284bf31851e,7518046
/media/jiwon/ubuntu_backup/F1TENTH_UBUNTU_BACKUP_2026_09/user_files/home/lane_ws/src/f1tenth-racing-stack-ICRA22/trajectory_generator/outputs/0121/centerline.csv,f1tenth-planning/global-planning/f1tenth-racing-stack-ICRA22/trajectory_generator/outputs/0121/centerline.csv,4cc0d01c01fd18563e4f063e798b8084e08c064343465a68576277300e4097b3,45906
/media/jiwon/ubuntu_backup/F1TENTH_UBUNTU_BACKUP_2026_09/user_files/home/lane_ws/src/f1tenth-racing-stack-ICRA22/trajectory_generator/outputs/0121/lane_optimal.csv,f1tenth-planning/global-planning/f1tenth-racing-stack-ICRA22/trajectory_generator/outputs/0121/lane_optimal.csv,aea94a5ca416fb39f8ebcdfaa3a838ebe45b1434e5960eee386d2defb4e44d28,4338
/media/jiwon/ubuntu_backup/F1TENTH_UBUNTU_BACKUP_2026_09/user_files/home/lane_ws/src/f1tenth-racing-stack-ICRA22/trajectory_generator/outputs/0121/traj_race_cl.csv,f1tenth-planning/global-planning/f1tenth-racing-stack-ICRA22/trajectory_generator/outputs/0121/traj_race_cl.csv,264502fbdd43589a38ad8e9b7185f19ce66a9df4a47b9b0ebdc9d9f143a0d1d7,18186
/media/jiwon/ubuntu_backup/F1TENTH_UBUNTU_BACKUP_2026_09/user_files/home/lane_ws/src/f1tenth-racing-stack-ICRA22/trajectory_generator/outputs/0121/outer_bound.csv,f1tenth-planning/global-planning/f1tenth-racing-stack-ICRA22/trajectory_generator/outputs/0121/outer_bound.csv,7ff68b06ead1dd551140c44df77d18f9a46664ef6f3a120460ff983862166403,2849
/media/jiwon/ubuntu_backup/F1TENTH_UBUNTU_BACKUP_2026_09/user_files/home/lane_ws/src/f1tenth-racing-stack-ICRA22/trajectory_generator/outputs/0121/track.npy,f1tenth-planning/global-planning/f1tenth-racing-stack-ICRA22/trajectory_generator/outputs/0121/track.npy,7473d4e9bf60f62e34cbc5a4d64ff3ffd08f728f78a58a21813015aa2aac6dc7,3729840
/media/jiwon/ubuntu_backup/F1TENTH_UBUNTU_BACKUP_2026_09/user_files/home/lane_ws/src/f1tenth-racing-stack-ICRA22/trajectory_generator/outputs/0121/inner_bound.csv,f1tenth-planning/global-planning/f1tenth-racing-stack-ICRA22/trajectory_generator/outputs/0121/inner_bound.csv,21e6091754f356a10e43e4b0693e13c8e1ad4b734e0e6fa57bda9ae259d0f58f,8559
/media/jiwon/ubuntu_backup/F1TENTH_UBUNTU_BACKUP_2026_09/user_files/home/lane_ws/src/f1tenth-racing-stack-ICRA22/trajectory_generator/outputs/0819/track.csv,f1tenth-planning/global-planning/f1tenth-racing-stack-ICRA22/trajectory_generator/outputs/0819/track.csv,3be01fb946185a90c0414f84d7bf9fbfcfbd05d488c228ce2b748bff84ad6d53,1442217
/media/jiwon/ubuntu_backup/F1TENTH_UBUNTU_BACKUP_2026_09/user_files/home/lane_ws/src/f1tenth-racing-stack-ICRA22/trajectory_generator/outputs/0819/centerline.csv,f1tenth-planning/global-planning/f1tenth-racing-stack-ICRA22/trajectory_generator/outputs/0819/centerline.csv,b9a645634515dd7dad819a14d9f3ad39fcfcc264cf3bee4d8f0f2c3e6670660c,20733
/media/jiwon/ubuntu_backup/F1TENTH_UBUNTU_BACKUP_2026_09/user_files/home/lane_ws/src/f1tenth-racing-stack-ICRA22/trajectory_generator/outputs/0819/traj_race_cl.csv,f1tenth-planning/global-planning/f1tenth-racing-stack-ICRA22/trajectory_generator/outputs/0819/traj_race_cl.csv,3ebe6bcfabe707148d6831297eb238f2ff435fee1948407eb7c69b89273119e1,18393
/media/jiwon/ubuntu_backup/F1TENTH_UBUNTU_BACKUP_2026_09/user_files/home/lane_ws/src/f1tenth-racing-stack-ICRA22/trajectory_generator/outputs/0819/outer_bound.csv,f1tenth-planning/global-planning/f1tenth-racing-stack-ICRA22/trajectory_generator/outputs/0819/outer_bound.csv,606862db21643203442f4e823bfd93be46cee299793a48024e3e71697d5d51f2,38874
/media/jiwon/ubuntu_backup/F1TENTH_UBUNTU_BACKUP_2026_09/user_files/home/lane_ws/src/f1tenth-racing-stack-ICRA22/trajectory_generator/outputs/0819/track.npy,f1tenth-planning/global-planning/f1tenth-racing-stack-ICRA22/trajectory_generator/outputs/0819/track.npy,63f9cf518c88282a08b01c94e998c5accd646f94c4f6840bc911c3effb74bbcf,654096
/media/jiwon/ubuntu_backup/F1TENTH_UBUNTU_BACKUP_2026_09/user_files/home/lane_ws/src/f1tenth-racing-stack-ICRA22/trajectory_generator/outputs/0819/inner_bound.csv,f1tenth-planning/global-planning/f1tenth-racing-stack-ICRA22/trajectory_generator/outputs/0819/inner_bound.csv,a928acf0d0eec7b5b847f2c8d39eefcaee83cfe04f1fcf444f45792f730e4679,24049
/media/jiwon/ubuntu_backup/F1TENTH_UBUNTU_BACKUP_2026_09/user_files/home/lane_ws/src/f1tenth-racing-stack-ICRA22/trajectory_generator/outputs/0821/track.csv,f1tenth-planning/global-planning/f1tenth-racing-stack-ICRA22/trajectory_generator/outputs/0821/track.csv,c74324a7945aca475046c7b2c8d7fdc0903ec15468a925dadc4eabbd3841ad11,1677571
/media/jiwon/ubuntu_backup/F1TENTH_UBUNTU_BACKUP_2026_09/user_files/home/lane_ws/src/f1tenth-racing-stack-ICRA22/trajectory_generator/outputs/0821/centerline.csv,f1tenth-planning/global-planning/f1tenth-racing-stack-ICRA22/trajectory_generator/outputs/0821/centerline.csv,70e7a18e501e9992086632c9cdf8b536a629975d90368f72d8c3cb2972fc540d,20349
/media/jiwon/ubuntu_backup/F1TENTH_UBUNTU_BACKUP_2026_09/user_files/home/lane_ws/src/f1tenth-racing-stack-ICRA22/trajectory_generator/outputs/0821/traj_race_cl.csv,f1tenth-planning/global-planning/f1tenth-racing-stack-ICRA22/trajectory_generator/outputs/0821/traj_race_cl.csv,315a8c3dbf85c8bb1fb3d917a42cb147fabadf2c00db762033ae7e750dd9f7bc,18211
/media/jiwon/ubuntu_backup/F1TENTH_UBUNTU_BACKUP_2026_09/user_files/home/lane_ws/src/f1tenth-racing-stack-ICRA22/trajectory_generator/outputs/0821/outer_bound.csv,f1tenth-planning/global-planning/f1tenth-racing-stack-ICRA22/trajectory_generator/outputs/0821/outer_bound.csv,9084ee9a7aa7584edc42bedca581358a9495bf49f20b8e51f195ad18a48312d5,37145
/media/jiwon/ubuntu_backup/F1TENTH_UBUNTU_BACKUP_2026_09/user_files/home/lane_ws/src/f1tenth-racing-stack-ICRA22/trajectory_generator/outputs/0821/track.npy,f1tenth-planning/global-planning/f1tenth-racing-stack-ICRA22/trajectory_generator/outputs/0821/track.npy,569abd4926312544b5b572471c3551b96389d6e077571f42d60e1463b910edec,778928
/media/jiwon/ubuntu_backup/F1TENTH_UBUNTU_BACKUP_2026_09/user_files/home/lane_ws/src/f1tenth-racing-stack-ICRA22/trajectory_generator/outputs/0821/inner_bound.csv,f1tenth-planning/global-planning/f1tenth-racing-stack-ICRA22/trajectory_generator/outputs/0821/inner_bound.csv,c9fab3bb6feccd0a85629032933d0141a086435799da179ed03df51a38001ac4,22510
/media/jiwon/ubuntu_backup/F1TENTH_UBUNTU_BACKUP_2026_09/user_files/home/lane_ws/src/f1tenth-racing-stack-ICRA22/trajectory_generator/outputs/0319_2/track.csv,f1tenth-planning/global-planning/f1tenth-racing-stack-ICRA22/trajectory_generator/outputs/0319_2/track.csv,62b5e63c6e3389713cb6238ab1102cbbff3832a4fa91a66e3287153ba40467cb,3900497
/media/jiwon/ubuntu_backup/F1TENTH_UBUNTU_BACKUP_2026_09/user_files/home/lane_ws/src/f1tenth-racing-stack-ICRA22/trajectory_generator/outputs/0319_2/centerline.csv,f1tenth-planning/global-planning/f1tenth-racing-stack-ICRA22/trajectory_generator/outputs/0319_2/centerline.csv,af227e67d6e210b9741a1dc92664587e74f2b5c873b18a2bc4f10a839727b936,28467
/media/jiwon/ubuntu_backup/F1TENTH_UBUNTU_BACKUP_2026_09/user_files/home/lane_ws/src/f1tenth-racing-stack-ICRA22/trajectory_generator/outputs/0319_2/lane_optimal.csv,f1tenth-planning/global-planning/f1tenth-racing-stack-ICRA22/trajectory_generator/outputs/0319_2/lane_optimal.csv,5956ecdcfbea96eadc90ce9efa8915545b58be82f45327b53c06a9080adf0572,1283
/media/jiwon/ubuntu_backup/F1TENTH_UBUNTU_BACKUP_2026_09/user_files/home/lane_ws/src/f1tenth-racing-stack-ICRA22/trajectory_generator/outputs/0319_2/traj_race_cl.csv,f1tenth-planning/global-planning/f1tenth-racing-stack-ICRA22/trajectory_generator/outputs/0319_2/traj_race_cl.csv,6cf77f2918998202e17a4d14b4b0d018c48969f108dbe9d27c6820b8e1969fc8,5581
/media/jiwon/ubuntu_backup/F1TENTH_UBUNTU_BACKUP_2026_09/user_files/home/lane_ws/src/f1tenth-racing-stack-ICRA22/trajectory_generator/outputs/0319_2/outer_bound.csv,f1tenth-planning/global-planning/f1tenth-racing-stack-ICRA22/trajectory_generator/outputs/0319_2/outer_bound.csv,a79b6282742189ea19358ee2d600daa96a35dfc4a555910743db0fd1f9387e20,5219
/media/jiwon/ubuntu_backup/F1TENTH_UBUNTU_BACKUP_2026_09/user_files/home/lane_ws/src/f1tenth-racing-stack-ICRA22/trajectory_generator/outputs/0319_2/track.npy,f1tenth-planning/global-planning/f1tenth-racing-stack-ICRA22/trajectory_generator/outputs/0319_2/track.npy,0035f81ea2bb1b0499e71cd69749bca22bad71ddce5d409de09910964e382269,1901632
/media/jiwon/ubuntu_backup/F1TENTH_UBUNTU_BACKUP_2026_09/user_files/home/lane_ws/src/f1tenth-racing-stack-ICRA22/trajectory_generator/outputs/0319_2/inner_bound.csv,f1tenth-planning/global-planning/f1tenth-racing-stack-ICRA22/trajectory_generator/outputs/0319_2/inner_bound.csv,ee1351729bfe988e94535567c45b794d3ffe18213dcf7efa208f2211a4f7866f,2016
/media/jiwon/ubuntu_backup/F1TENTH_UBUNTU_BACKUP_2026_09/user_files/home/lane_ws/src/f1tenth-racing-stack-ICRA22/trajectory_generator/outputs/0316_1/track.csv,f1tenth-planning/global-planning/f1tenth-racing-stack-ICRA22/trajectory_generator/outputs/0316_1/track.csv,4297a109b35704a1ea6ddba9af7537b47b8640d4d773f9c76e49fc68e7a86a6f,1540285
/media/jiwon/ubuntu_backup/F1TENTH_UBUNTU_BACKUP_2026_09/user_files/home/lane_ws/src/f1tenth-racing-stack-ICRA22/trajectory_generator/outputs/0316_1/centerline.csv,f1tenth-planning/global-planning/f1tenth-racing-stack-ICRA22/trajectory_generator/outputs/0316_1/centerline.csv,cc4ef246c2a744abb69440a98dbaf9c076fda990a2e1604e3f800d5ecbc70765,23441
/media/jiwon/ubuntu_backup/F1TENTH_UBUNTU_BACKUP_2026_09/user_files/home/lane_ws/src/f1tenth-racing-stack-ICRA22/trajectory_generator/outputs/0316_1/lane_optimal.csv,f1tenth-planning/global-planning/f1tenth-racing-stack-ICRA22/trajectory_generator/outputs/0316_1/lane_optimal.csv,d22da25010ab522b88fbcfa0fc4170e04f9c28812bb12a3445887f81424fe32c,1765
/media/jiwon/ubuntu_backup/F1TENTH_UBUNTU_BACKUP_2026_09/user_files/home/lane_ws/src/f1tenth-racing-stack-ICRA22/trajectory_generator/outputs/0316_1/traj_race_cl.csv,f1tenth-planning/global-planning/f1tenth-racing-stack-ICRA22/trajectory_generator/outputs/0316_1/traj_race_cl.csv,38211287beee642b8811473dcf97a6078aa7b9b256fa57cd88678680cf252e34,6921
/media/jiwon/ubuntu_backup/F1TENTH_UBUNTU_BACKUP_2026_09/user_files/home/lane_ws/src/f1tenth-racing-stack-ICRA22/trajectory_generator/outputs/0316_1/outer_bound.csv,f1tenth-planning/global-planning/f1tenth-racing-stack-ICRA22/trajectory_generator/outputs/0316_1/outer_bound.csv,003fc217ea83ec05bf96465a9c6e271f357378d304dbca5e1e8a2cc590998268,4572
/media/jiwon/ubuntu_backup/F1TENTH_UBUNTU_BACKUP_2026_09/user_files/home/lane_ws/src/f1tenth-racing-stack-ICRA22/trajectory_generator/outputs/0316_1/track.npy,f1tenth-planning/global-planning/f1tenth-racing-stack-ICRA22/trajectory_generator/outputs/0316_1/track.npy,2878c72f3a0fd0b1118f0afce488f00414c370b3554209f336144b5517f100a2,673616
/media/jiwon/ubuntu_backup/F1TENTH_UBUNTU_BACKUP_2026_09/user_files/home/lane_ws/src/f1tenth-racing-stack-ICRA22/trajectory_generator/outputs/0316_1/inner_bound.csv,f1tenth-planning/global-planning/f1tenth-racing-stack-ICRA22/trajectory_generator/outputs/0316_1/inner_bound.csv,f7280985983d38997b8356c422fcf1cded247e457ee51b8ed5bd00baaba5570f,3276
/media/jiwon/ubuntu_backup/F1TENTH_UBUNTU_BACKUP_2026_09/user_files/home/lane_ws/src/f1tenth-racing-stack-ICRA22/trajectory_generator/outputs/0115/track.csv,f1tenth-planning/global-planning/f1tenth-racing-stack-ICRA22/trajectory_generator/outputs/0115/track.csv,6fd3433f34afaa9a6fa256583133e8cd775c619b0376630b6af7a3925cb0f814,1742967
/media/jiwon/ubuntu_backup/F1TENTH_UBUNTU_BACKUP_2026_09/user_files/home/lane_ws/src/f1tenth-racing-stack-ICRA22/trajectory_generator/outputs/0115/centerline.csv,f1tenth-planning/global-planning/f1tenth-racing-stack-ICRA22/trajectory_generator/outputs/0115/centerline.csv,63fdf9bf57ba67d28cf6c9a28146f3729429c9f9401ece82d54e5be543f147ac,2204
/media/jiwon/ubuntu_backup/F1TENTH_UBUNTU_BACKUP_2026_09/user_files/home/lane_ws/src/f1tenth-racing-stack-ICRA22/trajectory_generator/outputs/0115/outer_bound.csv,f1tenth-planning/global-planning/f1tenth-racing-stack-ICRA22/trajectory_generator/outputs/0115/outer_bound.csv,df3a4083aa7bbb301a3e1ffc7cf5739e67057ac714d7d5cb5abb5a2353f3b56d,40048
/media/jiwon/ubuntu_backup/F1TENTH_UBUNTU_BACKUP_2026_09/user_files/home/lane_ws/src/f1tenth-racing-stack-ICRA22/trajectory_generator/outputs/0115/track.npy,f1tenth-planning/global-planning/f1tenth-racing-stack-ICRA22/trajectory_generator/outputs/0115/track.npy,ecb8d84eafba60669d5a1b85b216222ebaf83680cc0ffb7737f87ba6ef253878,880304
/media/jiwon/ubuntu_backup/F1TENTH_UBUNTU_BACKUP_2026_09/user_files/home/lane_ws/src/f1tenth-racing-stack-ICRA22/trajectory_generator/outputs/0115/inner_bound.csv,f1tenth-planning/global-planning/f1tenth-racing-stack-ICRA22/trajectory_generator/outputs/0115/inner_bound.csv,13af1d02181567d069c9307d0a9c89d3da7fabc8a60ae6e6355f994ef9787f1c,27070
/media/jiwon/ubuntu_backup/F1TENTH_UBUNTU_BACKUP_2026_09/user_files/home/lane_ws/src/f1tenth-racing-stack-ICRA22/trajectory_generator/outputs/0312/track.csv,f1tenth-planning/global-planning/f1tenth-racing-stack-ICRA22/trajectory_generator/outputs/0312/track.csv,ccb5f3a390dc30f10b4dbfa8e6f6b511d64b8132b35f5720bb9a33eea7dc0c5c,1478746
/media/jiwon/ubuntu_backup/F1TENTH_UBUNTU_BACKUP_2026_09/user_files/home/lane_ws/src/f1tenth-racing-stack-ICRA22/trajectory_generator/outputs/0312/centerline.csv,f1tenth-planning/global-planning/f1tenth-racing-stack-ICRA22/trajectory_generator/outputs/0312/centerline.csv,940c52a7e617f4351b473ddd25a182c1f7f6924f6fddcf68a6dd6c2a1bc739f9,29341
/media/jiwon/ubuntu_backup/F1TENTH_UBUNTU_BACKUP_2026_09/user_files/home/lane_ws/src/f1tenth-racing-stack-ICRA22/trajectory_generator/outputs/0312/outer_bound.csv,f1tenth-planning/global-planning/f1tenth-racing-stack-ICRA22/trajectory_generator/outputs/0312/outer_bound.csv,7655012f85fb9852c0b97ce0b6f9921f3eeab1646f35d60806adfbf8dda0266d,4779
/media/jiwon/ubuntu_backup/F1TENTH_UBUNTU_BACKUP_2026_09/user_files/home/lane_ws/src/f1tenth-racing-stack-ICRA22/trajectory_generator/outputs/0312/track.npy,f1tenth-planning/global-planning/f1tenth-racing-stack-ICRA22/trajectory_generator/outputs/0312/track.npy,1b10778a1702391effc1f02165dd29ae16390612d5db6f15ccc28846dcada45a,636800
/media/jiwon/ubuntu_backup/F1TENTH_UBUNTU_BACKUP_2026_09/user_files/home/lane_ws/src/f1tenth-racing-stack-ICRA22/trajectory_generator/outputs/0312/inner_bound.csv,f1tenth-planning/global-planning/f1tenth-racing-stack-ICRA22/trajectory_generator/outputs/0312/inner_bound.csv,d1359fad14ba0125cce8f6b4b0ca4be28b576d9859bbaf731392b600067e407e,3195
/media/jiwon/ubuntu_backup/F1TENTH_UBUNTU_BACKUP_2026_09/user_files/home/lane_ws/src/f1tenth-racing-stack-ICRA22/trajectory_generator/outputs/0815/traj_race_cl.csv,f1tenth-planning/global-planning/f1tenth-racing-stack-ICRA22/trajectory_generator/outputs/0815/traj_race_cl.csv,0065d57114e64cf0dd26b8d2402f156a484e94792ec201f10b9ba804e9dd7593,38843
/media/jiwon/ubuntu_backup/F1TENTH_UBUNTU_BACKUP_2026_09/user_files/home/lane_ws/src/f1tenth-racing-stack-ICRA22/trajectory_generator/outputs/0824/track.csv,f1tenth-planning/global-planning/f1tenth-racing-stack-ICRA22/trajectory_generator/outputs/0824/track.csv,bf751d85170da1ca509d8d5da1aafc3da6af5bcd9a804b7b4bb4232f80edb41c,3005719
/media/jiwon/ubuntu_backup/F1TENTH_UBUNTU_BACKUP_2026_09/user_files/home/lane_ws/src/f1tenth-racing-stack-ICRA22/trajectory_generator/outputs/0824/centerline.csv,f1tenth-planning/global-planning/f1tenth-racing-stack-ICRA22/trajectory_generator/outputs/0824/centerline.csv,cb42ff1a477096602c21f564442fadbf58652a6034c868b2887b77fc867e573c,34535
/media/jiwon/ubuntu_backup/F1TENTH_UBUNTU_BACKUP_2026_09/user_files/home/lane_ws/src/f1tenth-racing-stack-ICRA22/trajectory_generator/outputs/0824/traj_race_cl.csv,f1tenth-planning/global-planning/f1tenth-racing-stack-ICRA22/trajectory_generator/outputs/0824/traj_race_cl.csv,608080ad733c1efec41db5f373d8ebeed61f255e4feb1ffa4daa4d27baa28862,32277
/media/jiwon/ubuntu_backup/F1TENTH_UBUNTU_BACKUP_2026_09/user_files/home/lane_ws/src/f1tenth-racing-stack-ICRA22/trajectory_generator/outputs/0824/outer_bound.csv,f1tenth-planning/global-planning/f1tenth-racing-stack-ICRA22/trajectory_generator/outputs/0824/outer_bound.csv,e23d7b520a270412e514875a38cebfd7309fa441ccb2452a0ee3e98e436a60d7,61037
/media/jiwon/ubuntu_backup/F1TENTH_UBUNTU_BACKUP_2026_09/user_files/home/lane_ws/src/f1tenth-racing-stack-ICRA22/trajectory_generator/outputs/0824/track.npy,f1tenth-planning/global-planning/f1tenth-racing-stack-ICRA22/trajectory_generator/outputs/0824/track.npy,e9dfdc5a71d798fc32d4f421f29044c3a8b74ccb1c8b22e30277633ceeeed993,1395824
/media/jiwon/ubuntu_backup/F1TENTH_UBUNTU_BACKUP_2026_09/user_files/home/lane_ws/src/f1tenth-racing-stack-ICRA22/trajectory_generator/outputs/0824/inner_bound.csv,f1tenth-planning/global-planning/f1tenth-racing-stack-ICRA22/trajectory_generator/outputs/0824/inner_bound.csv,909dd39aee76690bc09136412deb12cbaf095dd8eadde055ee75ceacd8cfa2ea,44431
/media/jiwon/ubuntu_backup/F1TENTH_UBUNTU_BACKUP_2026_09/user_files/home/lane_ws/src/f1tenth-racing-stack-ICRA22/trajectory_generator/outputs/0818/track.csv,f1tenth-planning/global-planning/f1tenth-racing-stack-ICRA22/trajectory_generator/outputs/0818/track.csv,fe51ca9af50931b99a1f385eb95930dd63ab3dcb896306ce72cc7b4c8bb73362,3936307
/media/jiwon/ubuntu_backup/F1TENTH_UBUNTU_BACKUP_2026_09/user_files/home/lane_ws/src/f1tenth-racing-stack-ICRA22/trajectory_generator/outputs/0818/centerline.csv,f1tenth-planning/global-planning/f1tenth-racing-stack-ICRA22/trajectory_generator/outputs/0818/centerline.csv,8839c4e5dfae37b2ec7649fd9333f7339edc5a354eeef89930b32b7a84de316f,41074
/media/jiwon/ubuntu_backup/F1TENTH_UBUNTU_BACKUP_2026_09/user_files/home/lane_ws/src/f1tenth-racing-stack-ICRA22/trajectory_generator/outputs/0818/traj_race_cl.csv,f1tenth-planning/global-planning/f1tenth-racing-stack-ICRA22/trajectory_generator/outputs/0818/traj_race_cl.csv,cc24bf5a4ea7ba87658fce8c0750b5933dc0c17eefea8e88465b5dd9b621adeb,83159
/media/jiwon/ubuntu_backup/F1TENTH_UBUNTU_BACKUP_2026_09/user_files/home/lane_ws/src/f1tenth-racing-stack-ICRA22/trajectory_generator/outputs/0818/outer_bound.csv,f1tenth-planning/global-planning/f1tenth-racing-stack-ICRA22/trajectory_generator/outputs/0818/outer_bound.csv,dd125b4fe27aea7b6e34c25424867cdef5599eb55ef94edfbc8d278afd146f18,65124
/media/jiwon/ubuntu_backup/F1TENTH_UBUNTU_BACKUP_2026_09/user_files/home/lane_ws/src/f1tenth-racing-stack-ICRA22/trajectory_generator/outputs/0818/track.npy,f1tenth-planning/global-planning/f1tenth-racing-stack-ICRA22/trajectory_generator/outputs/0818/track.npy,7ed8ded0291fc45b0ac3282de083948c6276ce3aec788b3c7562ab11b911c4ad,2035856
/media/jiwon/ubuntu_backup/F1TENTH_UBUNTU_BACKUP_2026_09/user_files/home/lane_ws/src/f1tenth-racing-stack-ICRA22/trajectory_generator/outputs/0818/inner_bound.csv,f1tenth-planning/global-planning/f1tenth-racing-stack-ICRA22/trajectory_generator/outputs/0818/inner_bound.csv,d60affb87ba7c6d1a7992e816df10b2982373662a8427bdbcdb02129efde3684,49311
/media/jiwon/ubuntu_backup/F1TENTH_UBUNTU_BACKUP_2026_09/user_files/home/lane_ws/src/f1tenth-racing-stack-ICRA22/trajectory_generator/outputs/0115-1/track.csv,f1tenth-planning/global-planning/f1tenth-racing-stack-ICRA22/trajectory_generator/outputs/0115-1/track.csv,589c3449ec668583b6845e834ced55b00c561512eae791f59696c2bee6c5eb2c,1723756
/media/jiwon/ubuntu_backup/F1TENTH_UBUNTU_BACKUP_2026_09/user_files/home/lane_ws/src/f1tenth-racing-stack-ICRA22/trajectory_generator/outputs/0115-1/centerline.csv,f1tenth-planning/global-planning/f1tenth-racing-stack-ICRA22/trajectory_generator/outputs/0115-1/centerline.csv,50cd5b97c0a51c6f3488311cee10a2e907dc9b6b026abc6ca420d4f20f7119bf,19798
/media/jiwon/ubuntu_backup/F1TENTH_UBUNTU_BACKUP_2026_09/user_files/home/lane_ws/src/f1tenth-racing-stack-ICRA22/trajectory_generator/outputs/0115-1/lane_optimal.csv,f1tenth-planning/global-planning/f1tenth-racing-stack-ICRA22/trajectory_generator/outputs/0115-1/lane_optimal.csv,2c723e5e3bfc5757331f4655274b8dd7b875e8f10ebd12834112142c0af5d024,1748
/media/jiwon/ubuntu_backup/F1TENTH_UBUNTU_BACKUP_2026_09/user_files/home/lane_ws/src/f1tenth-racing-stack-ICRA22/trajectory_generator/outputs/0115-1/traj_race_cl.csv,f1tenth-planning/global-planning/f1tenth-racing-stack-ICRA22/trajectory_generator/outputs/0115-1/traj_race_cl.csv,b5a618249c4de671314de30cea2829cf6fa726fa6a4fd328c645c642406692d7,7403
/media/jiwon/ubuntu_backup/F1TENTH_UBUNTU_BACKUP_2026_09/user_files/home/lane_ws/src/f1tenth-racing-stack-ICRA22/trajectory_generator/outputs/0115-1/outer_bound.csv,f1tenth-planning/global-planning/f1tenth-racing-stack-ICRA22/trajectory_generator/outputs/0115-1/outer_bound.csv,5d30bf29e3b9975a03c0b71dcb2360d7d8908942ca53976beea48a742ec68e14,1737
/media/jiwon/ubuntu_backup/F1TENTH_UBUNTU_BACKUP_2026_09/user_files/home/lane_ws/src/f1tenth-racing-stack-ICRA22/trajectory_generator/outputs/0115-1/track.npy,f1tenth-planning/global-planning/f1tenth-racing-stack-ICRA22/trajectory_generator/outputs/0115-1/track.npy,b90fb2f59eb563e5d38503736aa7524908afb5d9d62a8e81c4b70d3eb80f0e5a,872576
/media/jiwon/ubuntu_backup/F1TENTH_UBUNTU_BACKUP_2026_09/user_files/home/lane_ws/src/f1tenth-racing-stack-ICRA22/trajectory_generator/outputs/0115-1/inner_bound.csv,f1tenth-planning/global-planning/f1tenth-racing-stack-ICRA22/trajectory_generator/outputs/0115-1/inner_bound.csv,756495e8fd4e617957b4c292080d0e95317983cfff31b13a1bc34b19cb2e0ed4,1714
/media/jiwon/ubuntu_backup/F1TENTH_UBUNTU_BACKUP_2026_09/user_files/home/lane_ws/src/f1tenth-racing-stack-ICRA22/trajectory_generator/outputs/0820/track.csv,f1tenth-planning/global-planning/f1tenth-racing-stack-ICRA22/trajectory_generator/outputs/0820/track.csv,9b06c1cf3cd2d663c2212ee43b0395b98ea68dd9fe213cd5de7352632b6cb919,1463558
/media/jiwon/ubuntu_backup/F1TENTH_UBUNTU_BACKUP_2026_09/user_files/home/lane_ws/src/f1tenth-racing-stack-ICRA22/trajectory_generator/outputs/0820/centerline.csv,f1tenth-planning/global-planning/f1tenth-racing-stack-ICRA22/trajectory_generator/outputs/0820/centerline.csv,bb79d9719eb9f4722695d5418558e3344dbec54371d053d33a20659eba4e4d63,20108
/media/jiwon/ubuntu_backup/F1TENTH_UBUNTU_BACKUP_2026_09/user_files/home/lane_ws/src/f1tenth-racing-stack-ICRA22/trajectory_generator/outputs/0820/traj_race_cl.csv,f1tenth-planning/global-planning/f1tenth-racing-stack-ICRA22/trajectory_generator/outputs/0820/traj_race_cl.csv,709cfe02da5a2a745889dcc3381d43cf6cc843aec9b2a1c441235bd01d7ddb49,18339
/media/jiwon/ubuntu_backup/F1TENTH_UBUNTU_BACKUP_2026_09/user_files/home/lane_ws/src/f1tenth-racing-stack-ICRA22/trajectory_generator/outputs/0820/outer_bound.csv,f1tenth-planning/global-planning/f1tenth-racing-stack-ICRA22/trajectory_generator/outputs/0820/outer_bound.csv,474f7ee9a858e88ae1c01a7abeed5a190258a808fab9c7ac7646e8bd6ffeecbf,33736
/media/jiwon/ubuntu_backup/F1TENTH_UBUNTU_BACKUP_2026_09/user_files/home/lane_ws/src/f1tenth-racing-stack-ICRA22/trajectory_generator/outputs/0820/track.npy,f1tenth-planning/global-planning/f1tenth-racing-stack-ICRA22/trajectory_generator/outputs/0820/track.npy,3a272ead026df215a8236427f346f1aac6cfeb2120bc0d531f562bd96513acda,695168
/media/jiwon/ubuntu_backup/F1TENTH_UBUNTU_BACKUP_2026_09/user_files/home/lane_ws/src/f1tenth-racing-stack-ICRA22/trajectory_generator/outputs/0820/inner_bound.csv,f1tenth-planning/global-planning/f1tenth-racing-stack-ICRA22/trajectory_generator/outputs/0820/inner_bound.csv,e83bd7dc4a1d3784e6461447c32967a84c0685dd2bc1ae9ce8c49f9273fa86b0,24130
/media/jiwon/ubuntu_backup/F1TENTH_UBUNTU_BACKUP_2026_09/user_files/home/lane_ws/src/f1tenth-racing-stack-ICRA22/trajectory_generator/outputs/0125_2/track.csv,f1tenth-planning/global-planning/f1tenth-racing-stack-ICRA22/trajectory_generator/outputs/0125_2/track.csv,e396a4c35bb36e42a11fa60868dea485442d7d8f48cff00cd3cc65e916c55a39,6507400
/media/jiwon/ubuntu_backup/F1TENTH_UBUNTU_BACKUP_2026_09/user_files/home/lane_ws/src/f1tenth-racing-stack-ICRA22/trajectory_generator/outputs/0125_2/centerline.csv,f1tenth-planning/global-planning/f1tenth-racing-stack-ICRA22/trajectory_generator/outputs/0125_2/centerline.csv,c7bb3b957836ef8723840f49ee2a98b48551e1207133da3567029089846f009f,48703
/media/jiwon/ubuntu_backup/F1TENTH_UBUNTU_BACKUP_2026_09/user_files/home/lane_ws/src/f1tenth-racing-stack-ICRA22/trajectory_generator/outputs/0125_2/traj_race_cl.csv,f1tenth-planning/global-planning/f1tenth-racing-stack-ICRA22/trajectory_generator/outputs/0125_2/traj_race_cl.csv,32bc87dc347fdce44bdd0d050c3ef0642ad78ed5c87a1202e743b93a2f6b368f,43360
/media/jiwon/ubuntu_backup/F1TENTH_UBUNTU_BACKUP_2026_09/user_files/home/lane_ws/src/f1tenth-racing-stack-ICRA22/trajectory_generator/outputs/0125_2/outer_bound.csv,f1tenth-planning/global-planning/f1tenth-racing-stack-ICRA22/trajectory_generator/outputs/0125_2/outer_bound.csv,1de1c6c612d4618412bdb96a3df2dea081fa0615c2d1f1d896d70c4202978b42,76679
/media/jiwon/ubuntu_backup/F1TENTH_UBUNTU_BACKUP_2026_09/user_files/home/lane_ws/src/f1tenth-racing-stack-ICRA22/trajectory_generator/outputs/0125_2/track.npy,f1tenth-planning/global-planning/f1tenth-racing-stack-ICRA22/trajectory_generator/outputs/0125_2/track.npy,81b419b430ad88342dcd6cd3ed4703bf68702f0d50adba284e43740532d39628,3213664
/media/jiwon/ubuntu_backup/F1TENTH_UBUNTU_BACKUP_2026_09/user_files/home/lane_ws/src/f1tenth-racing-stack-ICRA22/trajectory_generator/outputs/0125_2/inner_bound.csv,f1tenth-planning/global-planning/f1tenth-racing-stack-ICRA22/trajectory_generator/outputs/0125_2/inner_bound.csv,5aeccdd2701b17aef19418223cb06f25e6a271bdaa2bd1c6df35114447bde549,58082
/media/jiwon/ubuntu_backup/F1TENTH_UBUNTU_BACKUP_2026_09/user_files/home/lane_ws/src/f1tenth-racing-stack-ICRA22/trajectory_generator/outputs/0823/track.csv,f1tenth-planning/global-planning/f1tenth-racing-stack-ICRA22/trajectory_generator/outputs/0823/track.csv,2dbed26f9208330d07ad6324692ec422f4f76149f34ab211dca6cfcc4d50c7ce,1085838
/media/jiwon/ubuntu_backup/F1TENTH_UBUNTU_BACKUP_2026_09/user_files/home/lane_ws/src/f1tenth-racing-stack-ICRA22/trajectory_generator/outputs/0823/centerline.csv,f1tenth-planning/global-planning/f1tenth-racing-stack-ICRA22/trajectory_generator/outputs/0823/centerline.csv,a0f42cd7d6b4669f093beb155a8a55c254722d44bddd58172cc3de75792314da,20319
/media/jiwon/ubuntu_backup/F1TENTH_UBUNTU_BACKUP_2026_09/user_files/home/lane_ws/src/f1tenth-racing-stack-ICRA22/trajectory_generator/outputs/0823/traj_race_cl.csv,f1tenth-planning/global-planning/f1tenth-racing-stack-ICRA22/trajectory_generator/outputs/0823/traj_race_cl.csv,cdd6499c58daf012dc67afaaaa1c7a40325488084626591d3fdb833d1e1dc53b,19577
/media/jiwon/ubuntu_backup/F1TENTH_UBUNTU_BACKUP_2026_09/user_files/home/lane_ws/src/f1tenth-racing-stack-ICRA22/trajectory_generator/outputs/0823/outer_bound.csv,f1tenth-planning/global-planning/f1tenth-racing-stack-ICRA22/trajectory_generator/outputs/0823/outer_bound.csv,94d3d1856556607c5f4454fddd677cb78e27d3725269734edfa3c99ff2de62d1,30440
/media/jiwon/ubuntu_backup/F1TENTH_UBUNTU_BACKUP_2026_09/user_files/home/lane_ws/src/f1tenth-racing-stack-ICRA22/trajectory_generator/outputs/0823/track.npy,f1tenth-planning/global-planning/f1tenth-racing-stack-ICRA22/trajectory_generator/outputs/0823/track.npy,871866f9fb272e3144edd39b68ed13cad5daeccda43d3c5eb1394ba6af08ae2b,564656
/media/jiwon/ubuntu_backup/F1TENTH_UBUNTU_BACKUP_2026_09/user_files/home/lane_ws/src/f1tenth-racing-stack-ICRA22/trajectory_generator/outputs/0823/inner_bound.csv,f1tenth-planning/global-planning/f1tenth-racing-stack-ICRA22/trajectory_generator/outputs/0823/inner_bound.csv,1f1dc23497875476d58aa010e7532c20ed82f313c834929ba2757fd12d054e76,19458
/media/jiwon/ubuntu_backup/F1TENTH_UBUNTU_BACKUP_2026_09/user_files/home/lane_ws/src/f1tenth-racing-stack-ICRA22/trajectory_generator/outputs/0824_1/track.csv,f1tenth-planning/global-planning/f1tenth-racing-stack-ICRA22/trajectory_generator/outputs/0824_1/track.csv,46800897e671e7bc4ab9bff9b22862f231412f4e55c551aeaa467f063dc0de4a,3023950
/media/jiwon/ubuntu_backup/F1TENTH_UBUNTU_BACKUP_2026_09/user_files/home/lane_ws/src/f1tenth-racing-stack-ICRA22/trajectory_generator/outputs/0824_1/centerline.csv,f1tenth-planning/global-planning/f1tenth-racing-stack-ICRA22/trajectory_generator/outputs/0824_1/centerline.csv,53541dde15df06e264db98e072d3662b6b8e3cb0c3d136f088956d8909d08fb1,34327
/media/jiwon/ubuntu_backup/F1TENTH_UBUNTU_BACKUP_2026_09/user_files/home/lane_ws/src/f1tenth-racing-stack-ICRA22/trajectory_generator/outputs/0824_1/traj_race_cl.csv,f1tenth-planning/global-planning/f1tenth-racing-stack-ICRA22/trajectory_generator/outputs/0824_1/traj_race_cl.csv,6dc6d060b9e2cd683e13316a94dfbc2e2142e61d9dc8681efe5333ca76f49d9a,32130
/media/jiwon/ubuntu_backup/F1TENTH_UBUNTU_BACKUP_2026_09/user_files/home/lane_ws/src/f1tenth-racing-stack-ICRA22/trajectory_generator/outputs/0824_1/outer_bound.csv,f1tenth-planning/global-planning/f1tenth-racing-stack-ICRA22/trajectory_generator/outputs/0824_1/outer_bound.csv,041c0cdb5d9b5ba83d90b3de5d2f953ad4da1ec634e9d9db985bacc99dff92e6,61102
/media/jiwon/ubuntu_backup/F1TENTH_UBUNTU_BACKUP_2026_09/user_files/home/lane_ws/src/f1tenth-racing-stack-ICRA22/trajectory_generator/outputs/0824_1/track.npy,f1tenth-planning/global-planning/f1tenth-racing-stack-ICRA22/trajectory_generator/outputs/0824_1/track.npy,f153360586145778e7c863f9b12efbd025613eaeadcea1c523264fc4fd50ad9b,1403632
/media/jiwon/ubuntu_backup/F1TENTH_UBUNTU_BACKUP_2026_09/user_files/home/lane_ws/src/f1tenth-racing-stack-ICRA22/trajectory_generator/outputs/0824_1/inner_bound.csv,f1tenth-planning/global-planning/f1tenth-racing-stack-ICRA22/trajectory_generator/outputs/0824_1/inner_bound.csv,909dd39aee76690bc09136412deb12cbaf095dd8eadde055ee75ceacd8cfa2ea,44431
/media/jiwon/ubuntu_backup/F1TENTH_UBUNTU_BACKUP_2026_09/user_files/home/lane_ws/src/f1tenth-racing-stack-ICRA22/trajectory_generator/outputs/0819_3/track.csv,f1tenth-planning/global-planning/f1tenth-racing-stack-ICRA22/trajectory_generator/outputs/0819_3/track.csv,d24452239aa7ad03e95d85bf5333e1def836bf6f052292e812decb310951abf3,1807443
/media/jiwon/ubuntu_backup/F1TENTH_UBUNTU_BACKUP_2026_09/user_files/home/lane_ws/src/f1tenth-racing-stack-ICRA22/trajectory_generator/outputs/0819_3/centerline.csv,f1tenth-planning/global-planning/f1tenth-racing-stack-ICRA22/trajectory_generator/outputs/0819_3/centerline.csv,304c42ae87377edaf60c0267933f3fee3e7af756d9691c70124478a653e7ea02,25637
/media/jiwon/ubuntu_backup/F1TENTH_UBUNTU_BACKUP_2026_09/user_files/home/lane_ws/src/f1tenth-racing-stack-ICRA22/trajectory_generator/outputs/0819_3/traj_race_cl.csv,f1tenth-planning/global-planning/f1tenth-racing-stack-ICRA22/trajectory_generator/outputs/0819_3/traj_race_cl.csv,110c959a186c446f75c2d52df5e45873d2d967031723db553ea8bacdc11e0fe6,25319
/media/jiwon/ubuntu_backup/F1TENTH_UBUNTU_BACKUP_2026_09/user_files/home/lane_ws/src/f1tenth-racing-stack-ICRA22/trajectory_generator/outputs/0819_3/outer_bound.csv,f1tenth-planning/global-planning/f1tenth-racing-stack-ICRA22/trajectory_generator/outputs/0819_3/outer_bound.csv,ab90585724213a209f7de2b5cd9d73917a45f38a3d1e3f8b3aa5f505334aa8dc,44012
/media/jiwon/ubuntu_backup/F1TENTH_UBUNTU_BACKUP_2026_09/user_files/home/lane_ws/src/f1tenth-racing-stack-ICRA22/trajectory_generator/outputs/0819_3/track.npy,f1tenth-planning/global-planning/f1tenth-racing-stack-ICRA22/trajectory_generator/outputs/0819_3/track.npy,e6971810c638393a659535d2e616bb20a9cb11a0b2cc8a9ca90a88469b1a4dbc,888384
/media/jiwon/ubuntu_backup/F1TENTH_UBUNTU_BACKUP_2026_09/user_files/home/lane_ws/src/f1tenth-racing-stack-ICRA22/trajectory_generator/outputs/0819_3/inner_bound.csv,f1tenth-planning/global-planning/f1tenth-racing-stack-ICRA22/trajectory_generator/outputs/0819_3/inner_bound.csv,1c0e2ca48d866a06e7f4a0b40645e69c122279cf0ffa113da544419885e22a91,32051
/media/jiwon/ubuntu_backup/F1TENTH_UBUNTU_BACKUP_2026_09/user_files/home/lane_ws/src/f1tenth-racing-stack-ICRA22/trajectory_generator/outputs/0122/track.csv,f1tenth-planning/global-planning/f1tenth-racing-stack-ICRA22/trajectory_generator/outputs/0122/track.csv,d4547d92c021243a3f4d0d5e086143012f36ce1cb0fba444b51e34ca1858f3f1,1887845
/media/jiwon/ubuntu_backup/F1TENTH_UBUNTU_BACKUP_2026_09/user_files/home/lane_ws/src/f1tenth-racing-stack-ICRA22/trajectory_generator/outputs/0122/centerline.csv,f1tenth-planning/global-planning/f1tenth-racing-stack-ICRA22/trajectory_generator/outputs/0122/centerline.csv,d71adc4d6213594f1f75c63653f2fb03f4826fe05cc8b2127066f0fdb52a37f4,4320
/media/jiwon/ubuntu_backup/F1TENTH_UBUNTU_BACKUP_2026_09/user_files/home/lane_ws/src/f1tenth-racing-stack-ICRA22/trajectory_generator/outputs/0122/lane_optimal.csv,f1tenth-planning/global-planning/f1tenth-racing-stack-ICRA22/trajectory_generator/outputs/0122/lane_optimal.csv,af3ee5e6dc8e4f4ac855760c8d7324b8d565c751ccf391047c9015a2569fc58d,2005
/media/jiwon/ubuntu_backup/F1TENTH_UBUNTU_BACKUP_2026_09/user_files/home/lane_ws/src/f1tenth-racing-stack-ICRA22/trajectory_generator/outputs/0122/traj_race_cl.csv,f1tenth-planning/global-planning/f1tenth-racing-stack-ICRA22/trajectory_generator/outputs/0122/traj_race_cl.csv,e53b08942b6145b2ae973535e986284c1c37e10a0b38fc7e8403c6bf08e9dbe6,8546
/media/jiwon/ubuntu_backup/F1TENTH_UBUNTU_BACKUP_2026_09/user_files/home/lane_ws/src/f1tenth-racing-stack-ICRA22/trajectory_generator/outputs/0122/outer_bound.csv,f1tenth-planning/global-planning/f1tenth-racing-stack-ICRA22/trajectory_generator/outputs/0122/outer_bound.csv,8288c38c598dd222e1de248221c71bc4de67a68a30844729e426131e2770f54f,36521
/media/jiwon/ubuntu_backup/F1TENTH_UBUNTU_BACKUP_2026_09/user_files/home/lane_ws/src/f1tenth-racing-stack-ICRA22/trajectory_generator/outputs/0122/track.npy,f1tenth-planning/global-planning/f1tenth-racing-stack-ICRA22/trajectory_generator/outputs/0122/track.npy,59e2711c19252e3a07512d379aa5c2a7a7ca59ba66bc0e25d0e45dadf5526856,1031664
/media/jiwon/ubuntu_backup/F1TENTH_UBUNTU_BACKUP_2026_09/user_files/home/lane_ws/src/f1tenth-racing-stack-ICRA22/trajectory_generator/outputs/0122/inner_bound.csv,f1tenth-planning/global-planning/f1tenth-racing-stack-ICRA22/trajectory_generator/outputs/0122/inner_bound.csv,82d9e1c29b9cfd9f7fef813452ce43b404dec709b6820b5790fe4bc4208d0f50,24500
/media/jiwon/ubuntu_backup/F1TENTH_UBUNTU_BACKUP_2026_09/user_files/home/lane_ws/src/f1tenth-racing-stack-ICRA22/trajectory_generator/outputs/0818_1/track.csv,f1tenth-planning/global-planning/f1tenth-racing-stack-ICRA22/trajectory_generator/outputs/0818_1/track.csv,d70e66cf4a4a2712f0419bfca379ab07acc1cf426517bbbd6c821e66db782a89,1589638
/media/jiwon/ubuntu_backup/F1TENTH_UBUNTU_BACKUP_2026_09/user_files/home/lane_ws/src/f1tenth-racing-stack-ICRA22/trajectory_generator/outputs/0818_1/centerline.csv,f1tenth-planning/global-planning/f1tenth-racing-stack-ICRA22/trajectory_generator/outputs/0818_1/centerline.csv,ddcd66c142288d3450379c1b44c34672c626bf58eeeb74ca59543ad5d969bcaf,26780
/media/jiwon/ubuntu_backup/F1TENTH_UBUNTU_BACKUP_2026_09/user_files/home/lane_ws/src/f1tenth-racing-stack-ICRA22/trajectory_generator/outputs/0818_1/traj_race_cl.csv,f1tenth-planning/global-planning/f1tenth-racing-stack-ICRA22/trajectory_generator/outputs/0818_1/traj_race_cl.csv,96bb0d6f130a481cc5b8f4aeabdb616d911effea3446058ac22bd1c3269c3656,50586
/media/jiwon/ubuntu_backup/F1TENTH_UBUNTU_BACKUP_2026_09/user_files/home/lane_ws/src/f1tenth-racing-stack-ICRA22/trajectory_generator/outputs/0818_1/outer_bound.csv,f1tenth-planning/global-planning/f1tenth-racing-stack-ICRA22/trajectory_generator/outputs/0818_1/outer_bound.csv,805d0816ed92eb1cac29103d0ce7a8c3b43c2269cf44f6ecad2b0598a66b87b2,40250
/media/jiwon/ubuntu_backup/F1TENTH_UBUNTU_BACKUP_2026_09/user_files/home/lane_ws/src/f1tenth-racing-stack-ICRA22/trajectory_generator/outputs/0818_1/track.npy,f1tenth-planning/global-planning/f1tenth-racing-stack-ICRA22/trajectory_generator/outputs/0818_1/track.npy,4545c7491f4fcba696e44130efb70cf7993156cbf4c47e4879bcf0d105ec40f4,795968
/media/jiwon/ubuntu_backup/F1TENTH_UBUNTU_BACKUP_2026_09/user_files/home/lane_ws/src/f1tenth-racing-stack-ICRA22/trajectory_generator/outputs/0818_1/inner_bound.csv,f1tenth-planning/global-planning/f1tenth-racing-stack-ICRA22/trajectory_generator/outputs/0818_1/inner_bound.csv,525c923a565635f185de60f7b42c05cfba07ffe3236dafbd351cce40414815d8,33154
/media/jiwon/ubuntu_backup/nano_BACK_UP_0915/vesc_ws/src/vesc/LICENSE,docs/source-notices/vesc/LICENSE,734854c0eaf3a6e5cc51b07eefe1cb0d78cc65b7736bb8141e7a39fde7586296,1463
/media/jiwon/ubuntu_backup/nano_BACK_UP_0915/MAP_ws/src/MAP-Controller/LICENSE,docs/source-notices/MAP-Controller/LICENSE,3972dc9744f6499f0f9b2dbf76696f2ae7ad8af9b23dde66d6af86c9dfb36986,35149
/media/jiwon/ubuntu_backup/nano_BACK_UP_0915/perception_ws/src/perception/cfg/opponent_tracker_params221.yaml,f1tenth-perception/perception/cfg/opponent_tracker_params221.yaml,37974ffb67232507f677ecf281ed27cd5aec87f78cbd1b13900bcadb39124558,2117
/media/jiwon/ubuntu_backup/nano_BACK_UP_0915/perception_ws/src/perception/opponent_tracker/src/follow_the_gap.py,f1tenth-planning/local-planning/follow_the_gap.py,5dc7190acf6e50bcf1c8eae8cc2bd37f4cde00e10365a6aeac811dedfaa6fa64,41506
/media/jiwon/ubuntu_backup/nano_BACK_UP_0915/perception_ws/src/perception/opponent_tracker/src/lattice_planner3.py,f1tenth-planning/local-planning/lattice_planner3.py,7d440e90c81945c184e84f0ddc48e3bbe2e91c5156b2817b678744f594857e99,91974
/media/jiwon/ubuntu_backup/nano_BACK_UP_0915/perception_ws/src/perception/opponent_tracker/src/lattice_planner_follow111.py,f1tenth-planning/local-planning/lattice_planner_follow111.py,86c9115390e5d8da07da46131f3830d240691415fa38ea78389fcd97dcb15bd3,160777
/media/jiwon/ubuntu_backup/nano_BACK_UP_0915/perception_ws/src/perception/opponent_tracker/src/lattice_planner3_dynamic_overtake.py,f1tenth-planning/local-planning/lattice_planner3_dynamic_overtake.py,9cf2b95f757175fcaae75f1f76245c5b2d8356141f0279e7267b79780285e83a,116912
/media/jiwon/ubuntu_backup/nano_BACK_UP_0915/perception_ws/src/perception/opponent_tracker/src/obstacle_velocity_estimator.py,f1tenth-planning/local-planning/obstacle_velocity_estimator.py,03a6604bd9b4034480ebcc00ed3ede406ebb0d089b6a9374f4a0e4578e0344bf,8434
